,open,high,low,close,volume
2013-06-19,15.21,16.03,14.96,15.53,7716949
2013-06-20,16.25,16.3,15.36,15.44,1874512
2013-06-21,15.98,15.98,15.46,15.8,635301
2013-06-24,15.79,15.79,15.19,15.52,758286
2013-06-25,15.5,15.67,15.35,15.66,564359
2013-06-26,15.54,15.55,15.31,15.47,900958
2013-06-27,14.78,15.74,14.659,15.37,3257972
2013-06-28,15.29,15.68,15.25,15.38,1793696
2013-07-01,15.48,15.5,14.84,14.87,4343468
2013-07-02,14.68,15.19,14.67,14.99,8682426
2013-07-03,14.88,15.12,14.84,14.97,2265020
2013-07-05,14.96,15.94,14.96,15.61,3470894
2013-07-08,15.83,16.08,15.55,16.02,4010690
2013-07-09,15.81,16.02,15.665,15.73,3656174
2013-07-10,15.5,15.6,15.22,15.45,3010407
2013-07-11,15.8,15.8,15.06,15.21,3630207
2013-07-12,15.0,15.18,14.97,14.99,3042207
2013-07-15,15.0,15.08,14.52,14.8,5331386
2013-07-16,14.71,15.47,14.7,15.39,2711004
2013-07-17,15.28,16.12,15.28,16.02,3737666
2013-07-18,16.04,16.25,15.46,15.6,2827883
2013-07-19,15.37,16.26,15.37,16.12,3735343
2013-07-22,16.15,16.26,15.751,15.9,2159106
2013-07-23,15.85,16.05,15.71,15.85,2104845
2013-07-24,15.79,16.05,15.62,15.92,2205008
2013-07-25,15.91,16.045,15.64,15.76,2097226
2013-07-26,15.76,16.16,15.5,16.09,937543
2013-07-29,15.98,16.069,15.61,15.71,3495564
2013-07-30,15.73,16.18,15.67,16.14,3438091
2013-07-31,16.09,16.37,16.04,16.09,2392779
2013-08-01,16.11,16.42,16.09,16.39,1951644
2013-08-02,16.29,16.64,16.25,16.5,2043519
2013-08-05,16.41,16.48,16.08,16.21,1127502
2013-08-06,16.13,16.45,16.03,16.39,1335326
2013-08-07,16.24,16.3,16.04,16.16,1239802
2013-08-08,16.32,16.51,16.15,16.38,2109532
2013-08-09,16.41,16.41,16.22,16.24,1370857
2013-08-12,16.1,16.3,15.975,16.11,1917519
2013-08-13,16.23,16.23,16.0,16.05,1643585
2013-08-14,16.0,16.21,15.87,16.18,2028997
2013-08-15,16.06,16.3901,15.935,16.32,1351588
2013-08-16,16.26,16.45,16.16,16.19,2144673
2013-08-19,16.21,16.22,15.875,15.89,610700
2013-08-20,15.91,15.98,15.716,15.88,993296
2013-08-21,15.83,16.0,15.7,15.94,1948113
2013-08-22,15.99,16.03,15.82,15.88,1611645
2013-08-23,15.84,16.02,15.77,15.92,1676519
2013-08-26,15.94,16.13,15.94,16.06,1095328
2013-08-27,15.98,16.2,15.93,15.94,3848674
2013-08-28,15.97,16.02,15.89,15.97,7235846
2013-08-29,15.98,16.085,15.83,15.96,797468
2013-08-30,15.91,15.97,15.7601,15.84,1583342
2013-09-03,16.02,16.2,15.88,16.0,584372
2013-09-04,15.9,16.28,15.9,16.21,2037383
2013-09-05,16.2,16.44,16.07,16.39,1912054
2013-09-06,16.43,16.49,16.23,16.34,1655924
2013-09-09,16.33,16.5,16.3,16.49,772886
2013-09-10,16.53,16.72,16.41,16.72,846283
2013-09-11,16.71,17.2,16.68,17.2,1531585
2013-09-12,17.19,17.46,17.11,17.3,601602
2013-09-13,17.29,17.29,16.9799,17.11,411593
2013-09-16,17.37,17.38,17.0,17.17,772146
2013-09-17,17.16,17.29,17.12,17.22,548609
2013-09-18,17.2,17.34,17.07,17.245,951796
2013-09-19,17.39,17.39,16.91,17.13,884183
2013-09-20,17.1,17.23,16.72,16.91,1420276
2013-09-23,16.82,16.8499,16.61,16.79,703942
2013-09-24,16.77,17.43,16.77,17.33,1404115
2013-09-25,17.23,17.3,16.99,17.09,1126142
2013-09-26,17.12,17.12,16.47,16.67,2539023
2013-09-27,16.47,16.59,16.37,16.56,823328
2013-09-30,16.52,16.52,16.29,16.43,611787
2013-10-01,16.45,16.45,16.16,16.29,521218
2013-10-02,16.17,16.57,16.02,16.49,1292266
2013-10-03,16.5,16.59,16.21,16.27,2186128
2013-10-04,16.24,16.395,16.2,16.27,1114044
2013-10-07,16.15,16.36,16.11,16.27,1107800
2013-10-08,16.21,16.35,16.17,16.23,667448
2013-10-09,16.21,16.395,16.17,16.34,4387624
2013-10-10,16.39,16.67,16.39,16.645,1069198
2013-10-11,16.6,17.06,16.6,16.92,2259399
2013-10-14,16.76,17.14,16.75,17.06,754937
2013-10-15,17.04,17.18,16.94,17.16,1436890
2013-10-16,17.2,17.29,17.08,17.26,1241663
2013-10-17,17.19,17.275,17.1,17.26,861275
2013-10-18,17.36,17.39,17.24,17.32,2034115
2013-10-21,17.36,17.45,17.24,17.3,563922
2013-10-22,17.36,17.53,17.28,17.45,1578068
2013-10-23,17.45,17.64,17.29,17.49,1532032
2013-10-24,17.58,17.8,17.5,17.72,931744
2013-10-25,17.73,17.74,17.5,17.56,1527021
2013-10-28,17.55,17.73,17.42,17.68,1044978
2013-10-29,17.69,17.93,17.67,17.87,889461
2013-10-30,17.95,17.9999,17.72,17.75,677474
2013-10-31,17.81,18.135,17.73,17.935,1810323
2013-11-01,17.87,18.16,17.8,18.11,1295344
2013-11-04,18.16,18.24,18.08,18.13,404667
2013-11-05,18.13,18.26,17.88,18.1,696276
2013-11-06,18.09,18.24,17.71,17.77,619780
2013-11-07,17.75,18.12,17.58,17.61,660607
2013-11-08,17.58,17.97,17.54,17.94,518799
2013-11-11,17.86,17.98,17.68,17.78,538711
2013-11-12,17.39,17.65,17.0,17.49,1135552
2013-11-13,17.41,17.6,17.275,17.53,833831
2013-11-14,17.5,17.67,17.47,17.51,573869
2013-11-15,17.6,18.08,17.6,18.02,842115
2013-11-18,18.03,18.07,17.61,17.69,795169
2013-11-19,17.67,17.91,17.61,17.73,471695
2013-11-20,17.75,18.0,17.7,17.85,805467
2013-11-21,17.84,17.97,17.76,17.8,299182
2013-11-22,17.88,17.92,17.69,17.71,1203664
2013-11-25,17.69,17.83,17.51,17.61,717359
2013-11-26,17.6,17.82,17.5,17.76,1162118
2013-11-27,17.71,18.0,17.6,17.89,1039349
2013-11-29,17.9,18.0,17.87,17.97,391992
2013-12-02,17.9,17.95,17.62,17.66,889336
2013-12-03,17.54,17.6,17.4,17.53,560431
2013-12-04,17.41,17.6,17.29,17.5,540240
2013-12-05,17.46,17.46,17.26,17.37,514288
2013-12-06,17.47,17.61,17.21,17.36,1733383
2013-12-09,17.36,17.43,17.175,17.36,1985788
2013-12-10,17.3,17.56,17.1,17.5,937731
2013-12-11,17.45,17.61,17.33,17.47,745822
2013-12-12,17.39,17.5,17.31,17.35,466756
2013-12-13,17.43,17.55,17.22,17.5,643347
2013-12-16,17.43,17.65,17.375,17.63,718679
2013-12-17,17.32,17.375,17.02,17.21,801026
2013-12-18,17.29,17.4,16.95,17.35,530962
2013-12-19,17.27,17.31,17.05,17.21,386802
2013-12-20,17.28,17.78,17.28,17.58,565115
2013-12-23,17.6,17.83,17.57,17.78,395871
2013-12-24,17.8,17.9,17.63,17.82,87696
2013-12-26,17.84,17.9499,17.58,17.7,240188
2013-12-27,17.66,17.7,17.46,17.68,319699
2013-12-30,17.68,17.83,17.6,17.75,308365
2013-12-31,17.63,17.92,17.63,17.83,297083
2014-01-02,17.84,18.03,17.76,17.89,758530
2014-01-03,17.95,17.95,17.62,17.73,431552
2014-01-06,17.82,17.87,17.43,17.55,620049
2014-01-07,17.51,17.55,17.22,17.32,1174392
2014-01-08,17.26,17.33,17.07,17.24,630328
2014-01-09,17.33,17.47,17.2,17.3,594248
2014-01-10,17.28,17.41,17.23,17.34,303784
2014-01-13,17.28,17.37,17.03,17.08,458220
2014-01-14,17.08,17.29,17.08,17.24,594165
2014-01-15,17.25,17.25,17.09,17.15,480321
2014-01-16,17.06,17.17,16.99,17.04,506010
2014-01-17,16.96,17.08,16.88,17.02,813430
2014-01-21,17.12,17.12,16.66,16.76,885898
2014-01-22,16.74,17.01,16.57,16.67,644117
2014-01-23,16.58,16.58,16.39,16.55,372693
2014-01-24,16.4,16.73,16.06,16.15,838783
2014-01-27,16.14,16.515,16.05,16.15,3012679
2014-01-28,16.1,16.27,15.9999,16.01,1214597
2014-01-29,15.86,16.02,15.8,15.92,1283202
2014-01-30,16.05,16.05,15.75,15.8,1937256
2014-01-31,15.63,15.82,15.58,15.61,783649
2014-02-03,15.55,15.73,15.06,15.07,1966634
2014-02-04,15.18,15.36,15.0,15.07,4492491
2014-02-05,15.2,15.49,15.12,15.31,2498295
2014-02-06,15.4,15.74,15.18,15.66,1457774
2014-02-07,16.5,17.5,16.5,17.0,1909404
2014-02-10,17.06,17.19,16.73,17.15,920734
2014-02-11,17.14,17.5516,17.08,17.5,1025785
2014-02-12,17.45,17.58,17.24,17.3,443786
2014-02-13,17.26,17.39,17.02,17.26,540101
2014-02-14,17.18,17.39,17.11,17.22,637942
2014-02-18,17.28,17.38,17.07,17.29,1097722
2014-02-19,17.42,17.52,17.2,17.25,879729
2014-02-20,17.28,17.28,16.97,17.11,448098
2014-02-21,17.08,17.31,17.01,17.22,725189
2014-02-24,17.22,17.62,17.22,17.5,811632
2014-02-25,17.58,17.71,17.58,17.62,1054802
2014-02-26,17.71,17.73,17.51,17.59,860689
2014-02-27,17.56,17.68,17.49,17.66,550447
2014-02-28,17.7,17.97,17.51,17.89,662163
2014-03-03,17.71,17.89,17.51,17.7,654364
2014-03-04,17.82,17.94,17.79,17.89,638286
2014-03-05,17.85,18.02,17.7,17.89,541012
2014-03-06,17.86,18.01,17.745,17.86,321821
2014-03-07,17.98,17.98,17.47,17.54,391799
2014-03-10,17.64,17.64,17.33,17.48,586718
2014-03-11,17.48,17.52,17.29,17.37,853720
2014-03-12,17.33,17.59,17.095,17.5,687024
2014-03-13,17.61,17.61,17.03,17.07,516165
2014-03-14,16.98,17.2,16.945,17.05,805023
2014-03-17,17.15,17.25,16.91,17.08,652885
2014-03-18,17.07,17.43,17.05,17.35,780770
2014-03-19,17.32,17.41,17.12,17.24,763744
2014-03-20,17.14,17.23,16.97,17.11,475229
2014-03-21,17.11,17.26,16.865,17.01,1578957
2014-03-24,17.1,17.22,16.91,16.96,457498
2014-03-25,17.0,17.124,16.76,16.84,193284
2014-03-26,16.85,16.87,16.51,16.52,617717
2014-03-27,16.44,16.69,16.44,16.5,441930
2014-03-28,16.59,16.76,16.49,16.54,220059
2014-03-31,16.57,16.73,16.5,16.7,238574
2014-04-01,16.68,16.98,16.66,16.93,530370
2014-04-02,16.88,16.99,16.8,16.95,364920
2014-04-03,16.95,17.02,16.66,16.69,761726
2014-04-04,16.66,17.07,16.66,16.71,784294
2014-04-07,16.65,16.92,16.57,16.73,599348
2014-04-08,16.69,16.99,16.57,16.65,294225
2014-04-09,16.69,16.92,16.63,16.82,229627
2014-04-10,16.78,16.93,16.46,16.49,354326
2014-04-11,16.36,16.58,16.11,16.26,587647
2014-04-14,16.42,16.48,16.18,16.4,327898
2014-04-15,16.48,16.48,15.98,16.29,361128
2014-04-16,16.42,16.56,16.3,16.41,266905
2014-04-17,16.43,16.59,16.35,16.47,168185
2014-04-21,16.5,16.66,16.2,16.66,516314
2014-04-22,16.6,16.79,16.52,16.76,665100
2014-04-23,16.8,16.935,16.76,16.92,316321
2014-04-24,17.0,17.0,16.73,16.95,434411
2014-04-25,16.96,16.96,16.76,16.78,337558
2014-04-28,16.8,16.915,16.53,16.78,613517
2014-04-29,16.8,17.055,16.73,16.81,694499
2014-04-30,16.81,16.81,16.335,16.52,1150186
2014-05-01,16.6,16.87,16.58,16.76,592047
2014-05-02,16.79,16.96,16.705,16.83,607245
2014-05-05,16.68,16.92,16.67,16.84,611038
2014-05-06,16.78,16.8,16.63,16.65,478794
2014-05-07,16.74,16.74,16.42,16.54,603488
2014-05-08,16.59,16.62,16.35,16.57,652476
2014-05-09,16.73,17.435,16.73,17.4,1558927
2014-05-12,17.42,17.65,17.32,17.45,936562
2014-05-13,17.45,17.49,17.2,17.31,559536
2014-05-14,17.22,17.285,16.8,16.81,824146
2014-05-15,16.82,16.82,16.52,16.56,583720
2014-05-16,16.63,16.73,16.32,16.7,379859
2014-05-19,16.7,16.8,16.58,16.67,164526
2014-05-20,16.61,16.61,16.35,16.43,774360
2014-05-21,16.48,16.67,16.38,16.5,431158
2014-05-22,16.51,16.77,16.41,16.77,377390
2014-05-23,16.85,16.85,16.58,16.74,431300
2014-05-27,16.76,16.88,16.69,16.86,317388
2014-05-28,16.89,16.89,16.65,16.71,310211
2014-05-29,16.71,16.72,16.55,16.64,394164
2014-05-30,16.63,16.72,16.56,16.59,336151
2014-06-02,16.65,16.82,16.57,16.78,1075172
2014-06-03,16.8,17.03,16.73,16.92,598168
2014-06-04,16.93,17.16,16.88,17.01,321210
2014-06-05,17.08,17.27,16.88,17.27,568534
2014-06-06,17.28,17.44,17.17,17.27,730994
2014-06-09,17.23,17.52,17.18,17.25,440986
2014-06-10,17.2,17.29,17.07,17.18,396035
2014-06-11,17.15,17.27,17.05,17.17,524616
2014-06-12,17.07,17.07,16.84,16.85,611730
2014-06-13,16.91,16.91,16.64,16.73,343238
2014-06-16,16.64,16.74,16.43,16.73,827611
2014-06-17,16.75,16.87,16.58,16.81,404502
2014-06-18,16.76,17.09,16.74,17.07,730338
2014-06-19,17.16,17.18,16.77,17.16,538416
2014-06-20,17.13,17.3,16.85,17.11,625667
2014-06-23,17.04,17.14,16.765,16.84,469289
2014-06-24,16.84,17.13,16.84,17.0,662368
2014-06-25,17.0,17.27,16.9,17.2,652032
2014-06-26,17.27,17.54,17.04,17.54,1889532
2014-06-27,17.44,17.6,17.345,17.55,1241684
2014-06-30,17.5,17.61,17.38,17.45,1063142
2014-07-01,17.45,17.665,17.44,17.6,687591
2014-07-02,17.55,17.78,17.47,17.72,550631
2014-07-03,17.77,17.82,17.68,17.77,293248
2014-07-07,17.77,17.77,17.56,17.63,789180
2014-07-08,17.62,17.67,17.46,17.58,1499382
2014-07-09,17.64,17.78,17.5601,17.67,673358
2014-07-10,17.51,17.59,17.39,17.51,757709
2014-07-11,17.52,17.67,17.46,17.56,869959
2014-07-14,17.71,17.71,17.4906,17.59,759791
2014-07-15,17.62,17.78,17.6,17.66,1358983
2014-07-16,17.74,17.79,17.57,17.63,842651
2014-07-17,17.61,17.64,17.46,17.5,711948
2014-07-18,17.54,17.75,17.49,17.65,1047421
2014-07-21,17.63,17.72,17.52,17.54,504742
2014-07-22,17.63,17.67,17.46,17.51,283790
2014-07-23,17.47,17.55,17.36,17.55,442235
2014-07-24,17.51,17.74,17.51,17.73,804626
2014-07-25,17.7,17.7,17.56,17.61,843433
2014-07-28,17.57,17.66,17.37,17.49,489237
2014-07-29,17.48,17.65,17.335,17.39,538316
2014-07-30,17.42,17.5,17.28,17.38,607320
2014-07-31,17.23,17.44,17.165,17.21,729518
2014-08-01,17.15,17.4,17.1,17.36,384754
2014-08-04,17.36,17.43,17.18,17.39,432498
2014-08-05,17.34,17.34,17.16,17.22,867544
2014-08-06,17.13,17.19,17.05,17.15,724646
2014-08-07,17.2,17.26,16.93,17.0,1064015
2014-08-08,16.89,16.89,16.01,16.75,2848037
2014-08-11,16.86,17.03,16.73,16.94,711751
2014-08-12,16.89,17.06,16.805,16.83,697259
2014-08-13,16.94,16.94,16.63,16.76,653030
2014-08-14,16.66,16.98,16.66,16.97,1081042
2014-08-15,17.05,17.05,16.78,16.81,913237
2014-08-18,16.94,17.13,16.78,16.84,1182893
2014-08-19,16.88,16.88,16.7,16.75,290539
2014-08-20,16.7,17.13,16.7,17.09,1115803
2014-08-21,17.12,17.22,17.03,17.19,930761
2014-08-22,17.22,17.22,17.04,17.14,966548
2014-08-25,17.22,17.32,17.095,17.31,1298020
2014-08-26,17.28,17.31,17.23,17.25,359293
2014-08-27,17.29,17.32,17.19,17.29,844270
2014-08-28,17.22,17.36,16.985,17.29,541963
2014-08-29,17.35,17.35,17.16,17.26,706784
2014-09-02,17.25,17.34,17.06,17.06,1021437
2014-09-03,17.17,17.27,17.17,17.25,1329494
2014-09-04,17.29,17.44,17.24,17.3,678199
2014-09-05,17.32,17.41,17.25,17.39,605684
2014-09-08,17.31,17.35,17.21,17.26,704788
2014-09-09,17.21,17.3,16.94,16.97,1540402
2014-09-10,16.93,17.17,16.87,17.12,909844
2014-09-11,17.05,17.14,16.93,16.95,619682
2014-09-12,16.92,16.92,16.72,16.79,438555
2014-09-15,16.75,16.81,16.55,16.72,362077
2014-09-16,16.65,16.835,16.62,16.71,409107
2014-09-17,16.71,16.77,16.63,16.67,736151
2014-09-18,16.67,16.72,16.59,16.69,357106
2014-09-19,16.7,16.86,16.66,16.84,454647
2014-09-22,16.76,16.76,16.64,16.68,565522
2014-09-23,16.65,16.72,16.58,16.66,883285
2014-09-24,16.62,16.67,16.52,16.63,342807
2014-09-25,16.56,16.6,16.39,16.42,761155
2014-09-26,16.44,16.68,16.39,16.63,410799
2014-09-29,16.49,16.605,16.41,16.5,1847011
2014-09-30,16.43,16.43,16.07,16.13,1591433
2014-10-01,16.06,16.1,15.76,15.82,1413099
2014-10-02,15.75,15.9375,15.53,15.65,833598
2014-10-03,15.78,15.82,15.71,15.76,653489
2014-10-06,15.76,15.89,15.72,15.76,789889
2014-10-07,15.72,15.75,15.32,15.325,550599
2014-10-08,15.27,15.75,15.24,15.74,987591
2014-10-09,15.7,15.7,15.18,15.26,730162
2014-10-10,15.24,15.295,14.95,14.97,952098
2014-10-13,14.89,15.05,14.51,14.53,682524
2014-10-14,14.54,14.71,14.52,14.58,744153
2014-10-15,14.35,14.715,14.25,14.48,1407285
2014-10-16,14.26,14.46,14.09,14.24,2296334
2014-10-17,14.35,14.53,14.17,14.26,1807561
2014-10-20,14.21,14.43,14.21,14.425,1863680
2014-10-21,14.54,15.06,14.54,15.01,1449251
2014-10-22,15.07,15.07,14.84,14.86,3676821
2014-10-23,15.0,15.22,14.99,15.1,810600
2014-10-24,15.09,15.36,15.09,15.32,798443
2014-10-27,15.31,15.31,15.01,15.07,440887
2014-10-28,15.1,15.14,14.92,15.07,946735
2014-10-29,15.07,15.22,15.01,15.14,635665
2014-10-30,15.09,15.19,14.98,15.06,475855
2014-10-31,15.27,15.36,14.91,15.05,375631
2014-11-03,15.02,15.23,15.02,15.1,349661
2014-11-04,15.0,15.11,14.69,14.74,621246
2014-11-05,14.88,15.0,14.77,14.86,311259
2014-11-06,14.99,15.44,14.96,14.99,1647590
2014-11-07,15.03,15.06,14.81,14.84,985014
2014-11-10,14.97,14.97,14.77,14.94,294172
2014-11-11,14.97,15.05,14.855,14.92,528720
2014-11-12,14.83,15.115,14.83,15.0,999396
2014-11-13,15.07,15.07,14.665,14.815,1626263
2014-11-14,14.83,15.015,14.78,14.98,1165681
2014-11-17,14.91,15.065,14.78,14.94,2000017
2014-11-18,14.9,15.0,14.83,14.91,1958365
2014-11-19,14.92,15.02,14.83,14.98,4737863
2014-11-20,14.39,14.86,14.34,14.76,5445664
2014-11-21,14.94,14.99,14.8,14.83,2172438
2014-11-24,14.91,15.105,14.795,15.05,3770059
2014-11-25,15.06,15.13,15.005,15.02,2622925
2014-11-26,15.03,15.23,14.99,15.2,1732123
2014-11-28,15.21,15.28,15.02,15.05,980246
2014-12-01,14.97,15.18,14.96,15.05,2908982
2014-12-02,15.04,15.28,14.91,15.23,2036013
2014-12-03,15.29,15.29,15.12,15.25,2691711
2014-12-04,15.16,15.27,15.09,15.16,1955993
2014-12-05,15.15,15.25,15.1,15.23,2038502
2014-12-08,15.22,15.285,14.95,14.99,1668773
2014-12-09,14.91,15.11,14.87,15.11,3162193
2014-12-10,15.09,15.09,14.86,14.87,1923729
2014-12-11,15.02,15.055,14.765,14.78,1431728
2014-12-12,14.72,14.78,14.63,14.65,1970363
2014-12-15,14.76,14.76,14.24,14.25,2108887
2014-12-16,14.21,14.56,14.21,14.24,1635726
2014-12-17,14.27,14.42,14.17,14.37,1458621
2014-12-18,14.56,14.65,14.42,14.48,1226422
2014-12-19,14.52,14.68,14.52,14.59,2727212
2014-12-22,14.67,14.88,14.5801,14.75,1629555
2014-12-23,14.77,15.065,14.74,14.99,1117864
2014-12-24,15.04,15.04,14.77,14.92,331366
2014-12-26,14.96,15.05,14.945,15.04,492521
2014-12-29,15.06,15.195,15.03,15.13,518877
2014-12-30,15.12,15.24,14.95,15.18,695000
2014-12-31,15.2,15.32,15.07,15.08,644111
2015-01-02,15.13,15.28,14.8,14.98,904989
2015-01-05,14.91,14.91,14.53,14.64,1018524
2015-01-06,14.65,14.67,14.32,14.47,1197103
2015-01-07,14.57,14.57,14.25,14.41,1074456
2015-01-08,14.52,14.84,14.43,14.74,886990
2015-01-09,14.77,14.935,14.68,14.88,905539
2015-01-12,14.87,14.87,14.63,14.72,537072
2015-01-13,14.8,14.89,14.55,14.7,664454
2015-01-14,14.57,14.66,14.28,14.63,1410700
2015-01-15,14.7,14.7,14.47,14.54,991911
2015-01-16,14.56,14.62,14.48,14.54,316631
2015-01-20,14.57,14.58,14.25,14.44,753044
2015-01-21,14.43,14.52,14.28,14.45,456963
2015-01-22,14.49,14.77,14.37,14.7,711120
2015-01-23,14.66,14.84,14.6,14.66,720041
2015-01-26,14.89,14.99,14.56,14.98,413414
2015-01-27,14.8,15.05,14.745,14.91,1151160
2015-01-28,14.96,14.97,14.715,14.75,1621876
2015-01-29,14.75,14.8,14.27,14.46,734879
2015-01-30,14.39,14.66,14.28,14.44,1946628
2015-02-02,14.54,14.54,14.28,14.48,874613
2015-02-03,14.54,15.2,14.54,15.13,1184964
2015-02-04,15.05,15.21,15.03,15.11,801760
2015-02-05,15.18,15.28,14.98,15.22,883248
2015-02-06,15.37,15.84,15.37,15.77,1517938
2015-02-09,15.76,16.24,15.76,16.17,1105902
2015-02-10,16.21,16.35,15.825,16.3,1920935
2015-02-11,16.25,16.41,16.22,16.3,1645762
2015-02-12,16.4,16.49,16.27,16.36,437944
2015-02-13,16.41,16.55,16.37,16.41,456096
2015-02-17,16.34,16.57,16.31,16.56,719499
2015-02-18,16.59,16.6125,16.4001,16.51,633017
2015-02-19,16.51,16.57,16.4,16.55,360050
2015-02-20,16.57,16.76,16.35,16.67,712947
2015-02-23,16.59,16.91,16.59,16.9,1342967
2015-02-24,16.87,16.98,16.72,16.91,1172617
2015-02-25,16.95,17.11,16.91,17.01,896317
2015-02-26,16.94,17.07,16.79,16.86,773467
2015-02-27,16.81,16.94,16.79,16.82,1153706
2015-03-02,16.82,17.07,16.82,17.0,637188
2015-03-03,17.01,17.01,16.69,16.72,713072
2015-03-04,16.68,16.74,16.46,16.62,1188679
2015-03-05,16.67,16.75,16.59,16.65,1211730
2015-03-06,16.63,16.78,16.34,16.41,705493
2015-03-09,16.45,16.56,16.235,16.29,756157
2015-03-10,16.21,16.3,15.9,15.93,1872183
2015-03-11,16.01,16.12,15.88,16.06,993306
2015-03-12,16.15,16.475,16.15,16.44,537538
2015-03-13,16.44,16.46,16.13,16.39,1472815
2015-03-16,16.49,16.61,16.39,16.58,769407
2015-03-17,16.49,16.49,16.32,16.46,677851
2015-03-18,16.38,16.665,16.29,16.59,922236
2015-03-19,16.52,16.52,16.24,16.4,1075455
2015-03-20,16.46,16.67,16.46,16.54,602966
2015-03-23,16.58,16.685,16.56,16.61,1044423
2015-03-24,16.57,16.65,16.46,16.56,1275439
2015-03-25,16.54,16.6,16.23,16.24,1304148
2015-03-26,16.13,16.178,15.95,16.02,977372
2015-03-27,15.96,16.09,15.925,15.95,641863
2015-03-30,16.06,16.24,16.01,16.04,469257
2015-03-31,15.93,16.05,15.81,15.87,952703
2015-04-01,15.86,15.97,15.74,15.93,1564646
2015-04-02,15.95,16.06,15.86,15.985,596133
2015-04-06,15.93,16.2,15.87,16.09,282395
2015-04-07,16.06,16.16,15.95,15.95,325244
2015-04-08,16.0,16.17,15.835,15.89,1189557
2015-04-09,15.85,15.95,15.68,15.72,738152
2015-04-10,15.74,15.82,15.68,15.73,451530
2015-04-13,15.75,15.95,15.75,15.94,603380
2015-04-14,15.97,16.03,15.84,15.85,878925
2015-04-15,15.89,15.96,15.81,15.84,634295
2015-04-16,15.81,15.81,15.57,15.7,1388057
2015-04-17,15.63,15.63,15.4,15.49,1129837
2015-04-20,15.56,15.61,15.455,15.48,899262
2015-04-21,15.56,15.61,15.35,15.35,699456
2015-04-22,15.34,15.51,15.26,15.41,2791382
2015-04-23,15.42,15.505,15.295,15.46,1023115
2015-04-24,15.44,15.545,15.33,15.43,464018
2015-04-27,15.45,15.74,15.45,15.47,1765728
2015-04-28,15.43,15.88,15.4,15.86,1510909
2015-04-29,15.8,15.88,15.65,15.66,1637433
2015-04-30,15.58,15.74,15.53,15.57,1835986
2015-05-01,15.69,15.935,15.67,15.925,1244078
2015-05-04,15.9,16.08,15.84,16.07,855231
2015-05-05,16.12,16.17,15.805,15.92,1543906
2015-05-06,15.21,15.22,14.78,14.91,3899127
2015-05-07,14.94,14.95,14.83,14.91,1733053
2015-05-08,15.02,15.11,14.96,15.09,470050
2015-05-11,15.07,15.7,15.02,15.585,2150401
2015-05-12,15.52,15.54,15.09,15.18,1409886
2015-05-13,15.2,15.235,15.08,15.1,1496886
2015-05-14,15.14,15.2,15.01,15.135,1001602
2015-05-15,15.16,15.35,15.11,15.3,808074
2015-05-18,15.24,15.385,15.115,15.35,1189374
2015-05-19,15.39,15.42,15.255,15.39,454913
2015-05-20,15.38,15.43,15.31,15.33,790384
2015-05-21,15.28,15.39,15.245,15.36,404752
2015-05-22,15.32,15.35,15.2,15.245,528152
2015-05-26,15.22,15.31,14.96,15.04,848671
2015-05-27,15.09,15.26,15.0,15.13,766683
2015-05-28,15.08,15.1,14.99,15.095,760574
2015-05-29,15.06,15.13,14.91,14.95,887371
2015-06-01,14.97,15.06,14.86,15.0,601168
2015-06-02,14.94,15.04,14.86,14.91,706253
2015-06-03,14.94,15.03,14.86,14.94,495705
2015-06-04,14.89,14.94,14.685,14.72,605931
2015-06-05,14.73,14.73,14.56,14.64,781056
2015-06-08,14.59,14.68,14.55,14.57,613551
2015-06-09,14.6,14.6,14.29,14.3,866835
2015-06-10,14.33,14.46,14.25,14.29,1272356
2015-06-11,14.37,14.37,14.215,14.26,859055
2015-06-12,14.24,14.28,14.07,14.18,752631
2015-06-15,14.15,14.195,14.03,14.05,644196
2015-06-16,14.05,14.1,13.99,13.99,544674
2015-06-17,13.99,14.13,13.88,13.95,744493
2015-06-18,14.04,14.32,14.04,14.23,1145005
2015-06-19,14.17,14.66,14.17,14.58,1702100
2015-06-22,14.64,14.8,14.63,14.68,806334
2015-06-23,14.68,14.8,14.66,14.66,1188782
2015-06-24,14.64,14.76,14.435,14.47,1724884
2015-06-25,14.48,14.54,14.33,14.34,1389482
2015-06-26,14.41,14.74,14.27,14.62,8440593
2015-06-29,14.54,14.61,14.015,14.03,1247586
2015-06-30,14.09,14.3,13.91,14.24,1557164
2015-07-01,14.35,14.4,14.22,14.3,1063618
2015-07-02,14.36,14.65,14.2,14.21,1097810
2015-07-06,14.05,14.085,13.79,13.83,2606787
2015-07-07,13.83,14.06,13.635,14.03,1439567
2015-07-08,13.94,13.99,13.77,13.81,1055554
2015-07-09,13.92,14.02,13.74,13.75,1022941
2015-07-10,13.85,13.965,13.76,13.83,425901
2015-07-13,13.91,14.08,13.9,14.0,1106386
2015-07-14,13.96,14.04,13.91,14.02,471954
2015-07-15,14.02,14.11,13.95,14.1,822920
2015-07-16,14.17,14.29,14.14,14.29,619502
2015-07-17,14.35,14.42,14.23,14.35,893014
2015-07-20,14.4,14.485,14.31,14.475,571599
2015-07-21,14.43,14.46,14.22,14.24,740522
2015-07-22,14.21,14.36,14.12,14.26,972239
2015-07-23,14.25,14.41,14.16,14.41,922011
2015-07-24,14.4,14.47,14.21,14.43,1434651
2015-07-27,14.4,14.62,14.3,14.35,1272095
2015-07-28,14.45,14.45,14.0,14.29,688837
2015-07-29,14.26,14.38,14.17,14.34,1447798
2015-07-30,14.28,14.32,14.13,14.29,901218
2015-07-31,14.34,14.45,14.225,14.27,702628
2015-08-03,14.33,14.33,13.995,14.06,1018111
2015-08-04,14.05,14.305,14.02,14.13,629601
2015-08-05,14.22,14.275,14.08,14.2,1037770
2015-08-06,14.22,14.22,13.455,13.71,1560491
2015-08-07,13.64,13.835,13.5,13.83,431534
2015-08-10,13.88,14.06,13.781,14.02,682721
2015-08-11,13.94,14.0,13.64,13.74,1136408
2015-08-12,13.59,13.975,13.485,13.85,1230584
2015-08-13,14.44,15.62,14.44,14.89,1712489
2015-08-14,14.85,15.01,14.82,14.91,1362193
2015-08-17,14.88,15.09,14.88,15.06,1247760
2015-08-18,15.0,15.09,14.92,14.98,1000263
2015-08-19,14.98,15.03,14.74,14.89,895391
2015-08-20,14.75,14.7795,14.145,14.17,1032000
2015-08-21,14.1,14.25,13.85,13.87,2112692
2015-08-24,13.1,13.25,12.62,13.04,3264887
2015-08-25,13.48,13.68,13.1,13.17,4156142
2015-08-26,13.48,13.59,13.025,13.43,2289069
2015-08-27,13.58,13.87,13.48,13.81,1585542
2015-08-28,13.75,14.095,13.75,14.02,1300423
2015-08-31,13.93,13.94,13.67,13.83,1245849
2015-09-01,13.58,13.6,13.21,13.31,2551176
2015-09-02,13.46,13.75,13.19,13.33,2068127
2015-09-03,13.33,13.74,13.245,13.58,1266290
2015-09-04,13.38,13.455,13.045,13.09,1214987
2015-09-08,13.34,13.51,13.26,13.46,1508209
2015-09-09,13.56,13.66,13.295,13.33,1315108
2015-09-10,13.29,13.38,13.11,13.15,1327278
2015-09-11,13.08,13.165,13.005,13.15,966498
2015-09-14,13.06,13.07,12.83,12.9,1234230
2015-09-15,12.93,13.05,12.81,12.98,936650
2015-09-16,12.99,13.06,12.85,13.0,1358630
2015-09-17,12.96,13.47,12.86,13.15,3200836
2015-09-18,13.26,13.26,12.79,12.83,18792603
2015-09-21,12.88,13.22,12.86,12.9,2148312
2015-09-22,12.73,13.005,12.692,12.91,3045345
2015-09-23,12.9,12.94,12.73,12.83,1317009
2015-09-24,12.71,12.955,12.71,12.88,1146325
2015-09-25,13.0,13.0,12.79,12.86,1250767
2015-09-28,13.0,13.0,12.425,12.44,1776754
2015-09-29,12.47,12.605,12.33,12.42,1078540
2015-09-30,12.62,12.83,12.42,12.82,1144249
2015-10-01,12.85,13.07,12.65,12.87,1288047
2015-10-02,12.25,13.14,12.24,13.14,1408966
2015-10-05,13.26,13.52,13.22,13.48,1144609
2015-10-06,13.44,13.65,13.38,13.55,1668447
2015-10-07,13.57,13.83,13.525,13.69,1623502
2015-10-08,13.66,14.1,13.66,14.1,1436516
2015-10-09,14.09,14.16,13.9,14.11,1010302
2015-10-12,14.09,14.2,14.0,14.09,728842
2015-10-13,14.05,14.21,13.97,14.03,509255
2015-10-14,14.06,14.25,13.97,14.19,834063
2015-10-15,14.22,14.46,14.09,14.45,1025719
2015-10-16,14.51,14.7,14.18,14.67,665360
2015-10-19,14.57,14.77,14.53,14.76,928872
2015-10-20,14.75,14.82,14.64,14.79,814498
2015-10-21,14.82,14.85,14.41,14.42,827905
2015-10-22,14.53,14.865,14.42,14.84,987743
2015-10-23,14.91,15.16,14.82,15.15,1095204
2015-10-26,15.15,15.2,14.61,14.85,833302
2015-10-27,14.76,14.81,14.545,14.73,1296138
2015-10-28,14.83,15.03,14.638,15.02,1489863
2015-10-29,14.98,15.24,14.636,15.17,989573
2015-10-30,15.21,15.51,15.02,15.48,1418005
2015-11-02,15.47,15.74,15.25,15.69,1062413
2015-11-03,15.62,15.72,15.43,15.57,893590
2015-11-04,15.63,15.67,15.39,15.61,1336881
2015-11-05,15.57,15.62,15.345,15.39,1161922
2015-11-06,15.42,15.6,14.8,15.14,1701886
2015-11-09,15.06,15.06,14.51,14.68,1784299
2015-11-10,14.63,14.72,14.495,14.64,840311
2015-11-11,14.68,14.75,14.48,14.59,1126943
2015-11-12,14.45,14.725,14.25,14.28,1293995
2015-11-13,14.27,14.27,13.93,13.96,1416867
2015-11-16,13.97,14.28,13.88,14.26,952226
2015-11-17,14.24,14.43,14.0,14.23,677466
2015-11-18,14.3,14.37,14.19,14.36,678401
2015-11-19,14.36,14.4,14.16,14.26,1111227
2015-11-20,14.33,14.47,14.24,14.42,911793
2015-11-23,14.42,14.63,14.26,14.46,574431
2015-11-24,14.4,14.61,14.37,14.6,704876
2015-11-25,14.62,14.63,14.48,14.6,546970
2015-11-27,14.61,14.66,14.32,14.37,286036
2015-11-30,14.39,14.52,14.285,14.46,1065802
2015-12-01,14.56,14.8,14.51,14.78,624916
2015-12-02,14.77,14.8,14.55,14.61,730995
2015-12-03,14.61,14.69,13.83,14.04,1904135
2015-12-04,14.08,14.325,13.96,14.31,827761
2015-12-07,14.26,14.31,14.1,14.17,862952
2015-12-08,13.99,14.03,13.755,13.79,685138
2015-12-09,13.71,14.07,13.69,13.82,1177213
2015-12-10,13.78,14.22,13.78,14.11,869979
2015-12-11,13.87,13.95,13.6,13.66,609101
2015-12-14,13.72,13.75,13.48,13.64,1188944
2015-12-15,13.77,14.0,13.68,13.805,875613
2015-12-16,13.89,14.17,13.83,14.08,1000713
2015-12-17,14.1,14.16,13.75,13.75,972323
2015-12-18,13.68,13.79,13.55,13.62,2137778
2015-12-21,13.71,13.85,13.56,13.83,1550769
2015-12-22,13.89,13.94,13.705,13.85,1008122
2015-12-23,13.98,14.305,13.94,14.25,1544612
2015-12-24,14.26,14.45,14.22,14.23,455410
2015-12-28,14.14,14.447,13.88,14.06,489270
2015-12-29,14.14,14.34,14.14,14.29,644259
2015-12-30,14.22,14.37,14.06,14.1,580790
2015-12-31,14.03,14.1,13.94,13.96,564765
2016-01-04,13.71,13.725,13.545,13.67,1399984
2016-01-05,13.66,13.71,13.06,13.11,2102002
2016-01-06,12.9,13.315,12.8201,13.23,1915952
2016-01-07,12.96,13.125,12.9,13.01,1825471
2016-01-08,13.12,13.15,12.9,13.01,1434618
2016-01-11,13.07,13.1,12.5,12.66,1731455
2016-01-12,12.79,12.9,12.64,12.825,832712
2016-01-13,12.88,12.95,12.46,12.53,901139
2016-01-14,12.58,13.17,12.5399,13.09,1158691
2016-01-15,12.69,13.04,12.61,12.81,1582956
2016-01-19,12.97,12.97,12.485,12.73,1065305
2016-01-20,12.55,12.63,12.13,12.48,1553146
2016-01-21,12.51,12.91,12.39,12.72,653159
2016-01-22,12.96,13.07,12.87,13.04,1106146
2016-01-25,12.97,13.05,12.78,12.825,818862
2016-01-26,12.91,13.18,12.78,13.16,773934
2016-01-27,13.1,13.33,12.99,13.06,666872
2016-01-28,13.22,13.3,12.9,13.175,596437
2016-01-29,13.25,13.39,13.19,13.35,716725
2016-02-01,13.19,13.33,12.875,13.12,850257
2016-02-02,12.98,12.98,12.5001,12.57,898584
2016-02-03,12.7,12.85,12.35,12.69,1637181
2016-02-04,12.66,12.99,12.66,12.78,2195575
2016-02-05,12.36,12.36,11.51,11.92,5496106
2016-02-08,11.73,11.81,10.96,11.26,2871088
2016-02-09,11.08,11.285,10.96,11.09,1922721
2016-02-10,11.12,11.405,11.11,11.13,1426981
2016-02-11,11.12,11.12,10.735,10.89,1161950
2016-02-12,11.04,11.29,11.03,11.27,2223662
2016-02-16,11.46,11.66,11.31,11.54,1238844
2016-02-17,11.68,11.84,11.505,11.6,1171686
2016-02-18,11.64,11.64,11.43,11.45,965506
2016-02-19,11.45,11.68,11.33,11.59,1934272
2016-02-22,11.74,11.82,11.64,11.75,600367
2016-02-23,11.68,11.84,11.6,11.62,1435705
2016-02-24,11.44,11.57,11.38,11.55,689321
2016-02-25,11.57,11.59,11.3,11.49,905418
2016-02-26,11.57,11.655,11.46,11.58,497132
2016-02-29,11.58,11.625,11.41,11.41,837659
2016-03-01,11.49,11.53,11.3,11.4,920394
2016-03-02,11.36,11.58,11.35,11.57,650269
2016-03-03,11.57,11.6,11.42,11.58,787349
2016-03-04,11.64,11.81,11.49,11.73,1256370
2016-03-07,11.58,11.985,11.58,11.95,623805
2016-03-08,11.91,11.95,11.57,11.59,843710
2016-03-09,11.66,12.02,11.63,11.84,1154409
2016-03-10,11.86,11.91,11.55,11.73,792447
2016-03-11,11.86,12.4,11.7,12.4,750495
2016-03-14,12.35,12.39,12.04,12.15,815911
2016-03-15,12.05,12.32,11.96,12.29,1308215
2016-03-16,12.27,12.795,12.2181,12.78,3958622
2016-03-17,12.79,13.275,12.79,13.1,901030
2016-03-18,13.16,13.28,12.875,12.91,1202517
2016-03-21,12.9,13.05,12.83,13.01,515661
2016-03-22,12.92,13.22,12.92,13.2,979290
2016-03-23,13.18,13.295,13.01,13.02,1791473
2016-03-24,12.91,13.06,12.82,13.05,662803
2016-03-28,13.11,13.39,13.04,13.36,865166
2016-03-29,13.32,13.45,13.175,13.4,463510
2016-03-30,13.46,13.4875,13.13,13.25,1201937
2016-03-31,13.26,13.37,13.19,13.25,558499
2016-04-01,13.14,13.55,13.0,13.53,577034
2016-04-04,13.51,13.51,13.205,13.21,915713
2016-04-05,13.06,13.19,13.01,13.05,560880
2016-04-06,13.08,13.275,12.95,13.25,987208
2016-04-07,13.19,13.245,12.885,12.99,1100656
2016-04-08,13.09,13.09,12.725,12.77,1552534
2016-04-11,12.78,12.9,12.72,12.72,469988
2016-04-12,12.76,12.98,12.75,12.91,474443
2016-04-13,12.97,13.1,12.93,13.09,617462
2016-04-14,13.15,13.32,13.15,13.18,886751
2016-04-15,13.17,13.19,13.0,13.1,535653
2016-04-18,13.03,13.09,12.88,12.92,855913
2016-04-19,12.92,13.115,12.82,12.98,473063
2016-04-20,12.98,13.12,12.96,12.97,531948
2016-04-21,12.99,13.35,12.99,13.21,848890
2016-04-22,13.19,13.37,13.19,13.3,879214
2016-04-25,13.28,13.3001,13.02,13.08,666041
2016-04-26,13.08,13.33,13.02,13.27,594554
2016-04-27,13.26,13.39,13.09,13.19,747886
2016-04-28,13.09,13.31,13.01,13.07,666231
2016-04-29,13.03,13.09,12.76,12.96,733283
2016-05-02,12.98,13.25,12.94,13.18,660869
2016-05-03,13.05,13.11,12.77,12.83,661115
2016-05-04,12.75,12.83,12.64,12.69,778293
2016-05-05,12.77,12.77,12.62,12.73,449375
2016-05-06,12.73,13.18,12.41,13.16,1411070
2016-05-09,13.1,13.14,12.57,12.72,726098
2016-05-10,12.79,12.8,12.6225,12.77,535395
2016-05-11,12.67,12.735,12.52,12.63,999521
2016-05-12,12.66,12.675,12.305,12.35,763982
2016-05-13,12.31,12.42,12.04,12.05,802807
2016-05-16,12.1,12.21,12.05,12.18,769533
2016-05-17,12.12,12.325,12.08,12.09,666254
2016-05-18,12.03,12.1,11.765,12.0,1635317
2016-05-19,11.95,12.03,11.9,11.94,1106621
2016-05-20,12.0,12.32,11.83,12.25,956777
2016-05-23,12.27,12.38,12.1,12.12,639408
2016-05-24,12.18,12.235,12.11,12.22,748015
2016-05-25,12.25,12.47,12.25,12.41,544386
2016-05-26,12.4,12.46,12.23,12.24,681523
2016-05-27,12.24,12.33,12.192,12.3,749145
2016-05-31,12.3,12.35,12.2,12.34,1223843
2016-06-01,12.3,12.43,12.21,12.39,1682346
2016-06-02,12.38,12.45,12.29,12.45,1412820
2016-06-03,12.4,12.45,12.14,12.33,693575
2016-06-06,12.35,12.555,12.35,12.52,540437
2016-06-07,12.52,12.52,12.18,12.23,894757
2016-06-08,12.22,12.32,12.16,12.23,824698
2016-06-09,12.19,12.21,12.02,12.13,1180397
2016-06-10,12.0,12.05,11.695,11.84,1033333
2016-06-13,11.79,12.07,11.79,11.9,621390
2016-06-14,11.87,11.95,11.63,11.78,721854
2016-06-15,11.8,12.19,11.8,11.99,737202
2016-06-16,11.96,11.96,11.64,11.72,793484
2016-06-17,11.73,11.74,11.56,11.62,839218
2016-06-20,11.78,11.89,11.7,11.77,446003
2016-06-21,11.78,11.89,11.62,11.86,722650
2016-06-22,11.86,12.1545,11.84,12.06,1051039
2016-06-23,12.2,12.395,12.11,12.2,690781
2016-06-24,11.7,11.7,11.455,11.5,1339499
2016-06-27,11.33,11.36,10.9,10.94,1090784
2016-06-28,11.01,11.12,10.93,11.02,1418555
2016-06-29,11.15,11.52,10.94,11.52,1199708
2016-06-30,11.56,11.72,11.52,11.67,706713
2016-07-01,11.7,11.915,11.64,11.77,478104
2016-07-05,11.72,11.79,11.515,11.65,1485490
2016-07-06,11.64,11.7,11.5,11.675,1272671
2016-07-07,11.69,11.905,11.69,11.78,984593
2016-07-08,11.94,12.14,11.92,12.04,1173910
2016-07-11,12.07,12.29,12.07,12.25,591534
2016-07-12,12.45,12.63,12.36,12.6,942955
2016-07-13,12.68,12.75,12.59,12.74,625854
2016-07-14,12.89,13.0,12.69,12.83,542582
2016-07-15,12.9,12.9,12.45,12.8,858855
2016-07-18,12.83,13.04,12.77,12.93,584009
2016-07-19,12.93,13.01,12.805,12.98,911077
2016-07-20,13.02,13.105,12.92,13.03,1103234
2016-07-21,13.03,13.06,12.85,12.9,945134
2016-07-22,12.95,13.09,12.95,13.03,994456
2016-07-25,13.05,13.13,12.94,13.06,605876
2016-07-26,13.09,13.3,13.09,13.24,1020677
2016-07-27,13.23,13.31,13.04,13.16,1200444
2016-07-28,13.16,13.22,13.065,13.16,556230
2016-07-29,13.17,13.48,13.16,13.44,1040002
2016-08-01,13.43,13.49,13.25,13.31,705966
2016-08-02,13.27,13.27,13.03,13.14,564929
2016-08-03,13.09,13.21,13.05,13.11,470996
2016-08-04,13.08,13.23,13.08,13.2,568177
2016-08-05,13.33,13.49,13.23,13.28,652436
2016-08-08,13.3,13.37,13.2,13.24,506455
2016-08-09,13.28,13.88,13.12,13.77,1109542
2016-08-10,13.76,13.7988,13.54,13.73,1017572
2016-08-11,13.78,14.0,13.61,13.89,998050
2016-08-12,13.92,14.05,13.92,14.04,637600
2016-08-15,14.15,14.23,14.11,14.17,535157
2016-08-16,14.09,14.23,14.06,14.16,776705
2016-08-17,14.15,14.23,14.13,14.18,1042722
2016-08-18,14.2,14.29,14.09,14.15,1221129
2016-08-19,14.1,14.16,14.03,14.105,755712
2016-08-22,14.14,14.23,13.98,14.23,1015512
2016-08-23,14.3,14.35,14.18,14.22,586597
2016-08-24,14.21,14.3001,14.2,14.21,1208066
2016-08-25,14.15,14.3,14.08,14.23,1125653
2016-08-26,14.31,14.46,14.18,14.34,846126
2016-08-29,14.4,14.47,14.31,14.38,748925
2016-08-30,14.34,14.405,14.23,14.35,495112
2016-08-31,14.34,14.44,14.18,14.43,960614
2016-09-01,14.5,14.5,14.17,14.31,1408031
2016-09-02,14.38,14.4,14.13,14.25,1643070
2016-09-06,14.31,14.65,13.96,14.04,1495266
2016-09-07,14.05,14.12,13.99,14.09,1203799
2016-09-08,14.0,14.405,14.0,14.17,1498986
2016-09-09,14.14,14.14,13.74,13.74,955970
2016-09-12,13.49,14.51,13.49,14.5,3833381
2016-09-13,14.3,14.37,14.14,14.25,7771612
2016-09-14,14.34,14.355,14.16,14.34,5966366
2016-09-15,14.36,14.37,14.12,14.17,4902442
2016-09-16,14.07,14.165,13.97,14.0,3552942
2016-09-19,14.0,14.12,13.94,14.0,1563040
2016-09-20,14.12,14.15,14.0,14.07,1713718
2016-09-21,14.14,14.33,14.06,14.28,993934
2016-09-22,14.38,14.56,14.32,14.53,988166
2016-09-23,14.53,14.64,14.47,14.47,388219
2016-09-26,14.34,14.38,14.14,14.19,824465
2016-09-27,14.19,14.32,14.14,14.32,547376
2016-09-28,14.29,14.395,14.195,14.27,1699712
2016-09-29,14.25,14.4,14.055,14.13,1920842
2016-09-30,14.19,14.37,14.17,14.22,2207119
2016-10-03,14.13,15.01,14.13,14.93,5017516
2016-10-04,14.88,14.99,14.66,14.69,5543919
2016-10-05,14.67,15.22,14.63,15.17,4856891
2016-10-06,15.06,15.18,14.73,15.08,5427000
2016-10-07,15.09,15.1,14.45,14.52,1357101
2016-10-10,14.5,14.745,14.15,14.25,1420454
2016-10-11,14.3,14.3,13.85,14.0,866747
2016-10-12,13.95,14.05,13.75,13.75,905604
2016-10-13,13.7,13.95,13.575,13.85,643866
2016-10-14,14.3,14.3,13.65,13.75,595131
2016-10-17,13.75,13.8,13.625,13.8,418146
2016-10-18,14.0,14.05,13.65,13.9,711822
2016-10-19,14.0,14.1,13.8,14.0,673354
2016-10-20,14.25,14.25,13.5,13.8,782940
2016-10-21,13.6,13.85,13.55,13.7,690551
2016-10-24,13.75,13.85,13.2,13.2,2206871
2016-10-25,13.3,13.7,12.9,13.0,772987
2016-10-26,12.9,13.25,12.9,13.15,747559
2016-10-27,13.0,13.0,12.425,12.6,1382923
2016-10-28,12.6,12.8,12.45,12.5,782046
2016-10-31,12.5,12.7,12.4,12.4,1360170
2016-11-01,12.5,12.7,12.2,12.4,969806
2016-11-02,12.4,12.45,12.05,12.1,966033
2016-11-03,12.1,12.4,12.05,12.15,1115547
2016-11-04,12.25,12.4,12.1,12.15,1182448
2016-11-07,12.3,12.6,12.2,12.5,626836
2016-11-08,11.5,12.2,11.25,12.1,1284401
2016-11-09,12.0,12.55,11.85,12.35,749470
2016-11-10,12.35,12.55,12.05,12.35,1141340
2016-11-11,12.2,12.45,12.15,12.35,1225606
2016-11-14,12.35,12.7,12.25,12.5,1271113
2016-11-15,12.45,12.6,12.3,12.35,671610
2016-11-16,12.25,12.45,12.05,12.35,850416
2016-11-17,12.35,12.5,12.25,12.35,462615
2016-11-18,12.3,12.4,12.15,12.2,475325
2016-11-21,12.2,12.25,12.0,12.05,742108
2016-11-22,12.0,12.15,11.9,12.0,781874
2016-11-23,12.05,12.15,11.95,12.1,536465
2016-11-25,12.2,12.325,12.1,12.1,373967
2016-11-28,12.15,12.325,12.05,12.1,1033620
2016-11-29,12.05,12.15,11.75,11.9,677437
2016-11-30,11.9,12.025,11.775,11.95,497066
2016-12-01,11.95,12.15,11.85,12.0,539672
2016-12-02,12.05,12.15,12.0,12.05,1113124
2016-12-05,12.05,12.15,11.95,12.05,715981
2016-12-06,12.05,12.15,11.95,12.05,1248175
2016-12-07,12.05,12.25,12.0,12.15,1564313
2016-12-08,12.15,12.35,12.1,12.2,1207127
2016-12-09,12.2,12.5,12.2,12.4,686638
2016-12-12,12.3,12.475,12.3,12.3,1064554
2016-12-13,12.35,12.55,12.15,12.25,2570753
2016-12-14,12.25,12.425,12.15,12.2,892050
2016-12-15,12.25,12.4,11.975,12.05,744951
2016-12-16,12.1,12.2,11.85,12.0,1498866
2016-12-19,12.0,12.15,11.95,12.15,478710
2016-12-20,12.15,12.2,11.9,11.95,966166
2016-12-21,12.0,12.125,11.85,12.05,712737
2016-12-22,12.05,12.15,11.95,12.05,363390
2016-12-23,12.1,12.15,12.0,12.05,182187
2016-12-27,12.1,12.25,12.1,12.25,298471
2016-12-28,12.25,12.3,12.0,12.05,376326
2016-12-29,12.0,12.1,11.85,12.05,685790
2016-12-30,12.15,12.15,11.75,11.8,550932
2017-01-03,11.95,12.25,11.9,12.05,913020
2017-01-04,12.05,12.3,12.05,12.25,736554
2017-01-05,12.2,12.35,12.175,12.25,812078
2017-01-06,12.25,12.4,12.1,12.25,367920
2017-01-09,12.25,12.45,12.25,12.4,471092
2017-01-10,12.35,12.5,12.275,12.5,638893
2017-01-11,12.45,12.55,12.325,12.55,800314
2017-01-12,12.5,12.6,12.3,12.45,1156985
2017-01-13,12.45,12.575,12.4,12.45,381690
2017-01-17,12.4,12.725,12.3,12.7,530072
2017-01-18,12.7,12.7,12.4,12.55,867626
2017-01-19,12.55,12.6,12.4,12.45,439784
2017-01-20,12.45,12.55,12.35,12.35,644177
2017-01-23,12.35,12.45,12.3,12.4,471367
2017-01-24,12.35,12.6345,12.3,12.6,359058
2017-01-25,12.6,12.8,12.55,12.7,791996
2017-01-26,12.75,12.8,12.5,12.55,424234
2017-01-27,12.55,12.7,12.5,12.65,613250
2017-01-30,12.7,12.7,12.45,12.7,445588
2017-01-31,12.7,12.7,12.4,12.65,457659
2017-02-01,12.65,12.75,12.5,12.7,379529
2017-02-02,12.7,12.7,12.5,12.6,414060
2017-02-03,12.6,12.65,12.5,12.6,280066
2017-02-06,12.6,12.7,12.55,12.55,185795
2017-02-07,12.55,12.6,12.4,12.55,386514
2017-02-08,12.55,12.55,12.35,12.45,283591
2017-02-09,12.4,12.75,12.4,12.75,494645
2017-02-10,12.5,13.75,12.5,13.6,749174
2017-02-13,13.7,13.8,13.35,13.35,658726
2017-02-14,13.4,13.5,13.25,13.35,561356
2017-02-15,13.2,13.525,13.2,13.45,1495515
2017-02-16,13.45,13.5,13.275,13.4,557255
2017-02-17,13.4,13.55,13.2,13.5,634187
2017-02-21,13.5,13.8,13.4,13.65,850299
2017-02-22,13.65,13.65,13.4,13.6,421981
2017-02-23,13.65,13.65,13.375,13.5,441741
2017-02-24,13.5,13.5,13.225,13.4,277347
2017-02-27,13.4,13.5,13.3,13.4,596660
2017-02-28,13.35,13.4,13.1,13.2,515750
2017-03-01,13.3,13.5,13.25,13.4,353815
2017-03-02,13.4,13.45,13.15,13.25,455784
2017-03-03,13.25,13.25,13.1,13.25,417255
2017-03-06,13.15,13.3,13.1,13.25,328753
2017-03-07,13.2,13.4,12.9,13.0,499694
2017-03-08,12.9,13.05,12.775,12.8,458465
2017-03-09,12.9,12.9,12.655,12.8,406123
2017-03-10,12.85,12.9,12.55,12.8,322801
2017-03-13,12.7,12.75,12.525,12.55,441392
2017-03-14,12.55,12.7,12.5,12.7,294926
2017-03-15,12.75,12.95,12.6,12.9,386535
2017-03-16,12.8,12.975,12.8,12.9,274475
2017-03-17,12.95,13.05,12.85,12.95,559092
2017-03-20,13.0,13.0,12.825,12.9,210688
2017-03-21,13.0,13.05,12.8,12.85,610908
2017-03-22,12.95,12.95,12.75,12.95,593350
2017-03-23,12.95,13.025,12.85,12.95,804044
2017-03-24,13.0,13.075,12.875,12.95,512857
2017-03-27,12.9,13.05,12.85,12.95,553414
2017-03-28,12.95,13.3,12.95,13.25,548858
2017-03-29,13.25,13.5,13.2,13.45,790627
2017-03-30,13.5,13.8,13.4,13.7,2143179
2017-03-31,13.7,13.7,13.325,13.5,511279
2017-04-03,13.55,13.55,13.2,13.25,446278
2017-04-04,13.25,13.35,13.1,13.15,569526
2017-04-05,13.15,13.2,12.925,13.05,455116
2017-04-06,13.0,13.09,12.85,12.95,396022
2017-04-07,12.9,12.95,12.85,12.9,159220
2017-04-10,12.9,13.05,12.85,12.9,300946
2017-04-11,12.85,12.95,12.8,12.85,382299
2017-04-12,12.9,13.0,12.825,12.95,416380
2017-04-13,12.85,12.95,12.7,12.7,320222
2017-04-17,12.8,12.9,12.7,12.85,279680
2017-04-18,12.85,12.85,12.6,12.7,413404
2017-04-19,12.75,12.95,12.75,12.85,249767
2017-04-20,12.85,13.45,12.85,13.35,457792
2017-04-21,13.3,13.4,13.125,13.3,453437
2017-04-24,13.4,13.45,13.3,13.35,1093413
2017-04-25,13.4,13.5,13.35,13.45,199996
2017-04-26,13.4,13.5,13.25,13.25,712392
2017-04-27,13.3,13.375,13.2,13.2,524055
2017-04-28,13.25,13.25,12.9,13.0,894216
2017-05-01,13.05,13.1,12.9238,13.0,234453
2017-05-02,13.0,13.05,12.9,12.9,316262
2017-05-03,12.85,12.95,12.75,12.85,371093
2017-05-04,12.9,12.9,12.75,12.85,347871
2017-05-05,12.8,13.0,12.8,13.0,193356
2017-05-08,12.95,13.1,12.95,13.1,369118
2017-05-09,13.15,13.4,13.1,13.4,786774
2017-05-10,12.95,13.6,12.65,13.05,683302
2017-05-11,13.05,13.15,12.875,13.0,554264
2017-05-12,13.0,13.1,12.95,13.05,394639
2017-05-15,13.05,13.325,13.05,13.3,299528
2017-05-16,13.25,13.35,13.2,13.3,332997
2017-05-17,13.2,13.25,13.0245,13.05,482854
2017-05-18,13.1,13.175,12.969,13.05,548123
2017-05-19,13.05,13.225,13.0,13.2,230926
2017-05-22,13.2,13.55,13.2,13.55,214152
2017-05-23,13.55,13.675,13.4,13.5,305200
2017-05-24,13.55,13.65,13.5,13.65,229380
2017-05-25,13.65,13.7,13.55,13.6,187809
2017-05-26,13.6,13.8,13.6,13.8,314574
2017-05-30,13.8,13.8,13.55,13.65,244701
2017-05-31,13.7,13.75,13.475,13.7,329494
2017-06-01,13.7,14.0,13.7,14.0,421240
2017-06-02,13.95,14.05,13.8,13.95,1191701
2017-06-05,13.95,14.05,13.8,13.8,1358948
2017-06-06,13.85,13.95,13.7,13.9,1304420
2017-06-07,14.0,14.0,13.75,13.8,1307598
2017-06-08,13.75,13.95,13.55,13.95,415083
2017-06-09,13.95,14.1,13.825,14.1,291419
2017-06-12,14.05,14.25,14.0,14.05,254411
2017-06-13,14.05,14.125,13.925,13.95,201650
2017-06-14,14.05,14.1,13.9,14.0,960561
2017-06-15,14.0,14.075,13.9,14.05,255627
2017-06-16,14.1,14.25,14.0,14.15,815078
2017-06-19,14.15,14.3,14.15,14.25,191034
2017-06-20,14.25,14.25,13.95,14.0,412093
2017-06-21,14.0,14.1,13.9,13.95,327034
2017-06-22,13.95,14.05,13.75,13.95,196045
2017-06-23,13.9,14.1,13.8,14.05,536962
2017-06-26,14.05,14.15,13.95,14.1,197954
2017-06-27,14.1,14.25,14.0,14.1,375135
2017-06-28,14.15,14.4,14.15,14.3,372633
2017-06-29,14.3,14.4,13.825,14.05,507217
2017-06-30,14.1,14.2,14.0,14.15,216280
2017-07-03,14.3,14.35,14.1,14.3,0
2017-07-05,14.3,14.3,14.1,14.15,273739
2017-07-06,14.1,14.1,13.65,13.65,365082
2017-07-07,13.7,13.85,13.6,13.75,482254
2017-07-10,13.7,13.85,13.525,13.55,287998
2017-07-11,13.65,13.775,13.5,13.75,312947
2017-07-12,13.8,13.85,13.6,13.6,300946
2017-07-13,13.6,13.75,13.6,13.7,249079
2017-07-14,13.7,14.05,13.675,14.0,482697
2017-07-17,14.0,14.25,13.95,14.1,394497
2017-07-18,14.05,14.125,13.95,14.05,197395
2017-07-19,14.1,14.425,14.1,14.35,208304
2017-07-20,14.4,14.55,14.3,14.35,228189
2017-07-21,14.25,14.55,14.25,14.45,507893
2017-07-24,14.4,14.5,14.35,14.45,349809
2017-07-25,14.55,14.6,14.25,14.55,376580
2017-07-26,14.65,14.75,14.6,14.6,312026
2017-07-27,14.65,14.8,14.65,14.7,407925
2017-07-28,14.65,14.9,14.65,14.8,281116
2017-07-31,14.8,14.85,14.65,14.7,219153
2017-08-01,14.8,14.9,14.7,14.85,418176
2017-08-02,14.8,14.8,14.6,14.75,592854
2017-08-03,14.75,14.8,14.45,14.65,244527
2017-08-04,14.65,14.7,14.5,14.6,374219
2017-08-07,14.55,14.85,14.55,14.8,186208
2017-08-08,14.75,14.75,14.5,14.6,289684
2017-08-09,14.6,14.65,14.4,14.55,243139
2017-08-10,14.55,14.55,13.95,14.0,683193
2017-08-11,14.25,14.4,13.775,13.8,312678
2017-08-14,13.95,14.0,13.7,13.8,366687
2017-08-15,13.9,13.9,13.65,13.7,256523
2017-08-16,13.75,13.85,13.6,13.65,563934
2017-08-17,13.65,13.875,13.6,13.65,368675
2017-08-18,13.6,13.85,13.475,13.75,727982
2017-08-21,13.7,13.8,13.6,13.75,472934
2017-08-22,13.75,13.85,13.7,13.8,245777
2017-08-23,13.7,13.725,13.5,13.5,448181
2017-08-24,13.6,13.6,13.45,13.6,271617
2017-08-25,13.65,13.85,13.55,13.75,222052
2017-08-28,13.8,13.85,13.65,13.8,297064
2017-08-29,13.65,13.75,13.6,13.7,279743
2017-08-30,13.65,13.75,13.5,13.6,618906
2017-08-31,13.6,13.75,13.6,13.7,398530
2017-09-01,13.7,13.85,13.7,13.8,596726
2017-09-05,13.75,13.8,13.5,13.55,673650
2017-09-06,13.6,13.8,13.55,13.65,502889
2017-09-07,13.7,13.9,13.7,13.8,453172
2017-09-08,13.8,13.9,13.4,13.4,628261
2017-09-11,13.55,13.7,13.45,13.65,284094
2017-09-12,13.55,13.65,13.425,13.5,1061652
2017-09-13,13.6,13.6,13.1,13.3,651326
2017-09-14,13.3,13.45,13.2,13.35,867963
2017-09-15,13.25,13.55,13.25,13.45,1298426
2017-09-18,13.5,13.55,13.35,13.45,431355
2017-09-19,13.45,13.5,13.3,13.5,598523
2017-09-20,13.5,13.6,13.45,13.6,642067
2017-09-21,13.5,13.575,13.35,13.45,540222
2017-09-22,13.4,13.5,13.325,13.4,179190
2017-09-25,13.45,13.6,13.35,13.6,328343
2017-09-26,13.6,13.6,13.35,13.4,719482
2017-09-27,13.35,13.65,13.35,13.55,442030
2017-09-28,13.5,13.8,13.4,13.65,1023333
2017-09-29,13.6,13.65,13.5,13.65,360188
2017-10-02,13.65,13.75,13.55,13.7,357402
2017-10-03,13.7,13.8,13.55,13.7,281812
2017-10-04,13.7,13.8,13.6,13.7,287172
2017-10-05,13.7,13.8,13.625,13.7,492436
2017-10-06,13.65,13.725,13.55,13.65,285315
2017-10-09,13.65,13.65,13.5,13.55,136621
2017-10-10,13.65,13.85,13.6,13.85,806450
2017-10-11,13.8,13.8,13.65,13.75,291175
2017-10-12,13.7,13.9,13.7,13.85,208326
2017-10-13,13.95,14.075,13.8,14.05,204183
2017-10-16,14.0,14.1,13.9,14.05,268347
2017-10-17,14.0,14.0,13.85,13.95,156977
2017-10-18,13.95,14.1,13.9,14.1,568611
2017-10-19,14.0,14.0,13.85,13.9,202149
2017-10-20,14.05,14.1,13.95,14.1,457273
2017-10-23,14.05,14.1,13.95,14.0,286395
2017-10-24,13.95,14.05,13.9,13.95,544127
2017-10-25,13.95,14.05,13.8,14.0,439497
2017-10-26,14.0,14.15,13.925,14.0,474823
2017-10-27,14.0,14.05,13.8,13.95,545628
2017-10-30,13.95,14.15,13.9,14.15,245792
2017-10-31,14.1,14.1,13.9,13.9,267381
2017-11-01,14.0,14.2,13.9,14.05,447303
2017-11-02,14.0,14.15,13.85,14.05,475751
2017-11-03,14.05,14.2,14.0,14.2,299757
2017-11-06,14.15,14.6,14.15,14.55,346979
2017-11-07,14.5,14.8,14.375,14.4,372433
2017-11-08,14.4,14.5,14.3,14.45,371568
2017-11-09,14.4,14.85,14.35,14.75,525495
2017-11-10,15.15,16.2,14.9,15.55,935985
2017-11-13,15.5,15.75,15.3,15.6,490994
2017-11-14,15.5,15.8,15.35,15.55,396137
2017-11-15,15.6,15.6,15.425,15.55,340181
2017-11-16,15.6,16.05,15.5,16.0,384162
2017-11-17,15.95,16.275,15.9,16.2,1217845
2017-11-20,16.15,16.15,15.875,15.95,1028572
2017-11-21,15.95,16.05,15.875,15.95,2830108
2017-11-22,16.0,16.0,15.85,15.9,1876386
2017-11-24,15.95,16.0,15.7815,15.9,197437
2017-11-27,16.0,16.0,15.85,15.95,666769
2017-11-28,15.85,16.35,15.85,16.35,795416
2017-11-29,16.2,16.575,16.2,16.45,966045
2017-11-30,16.3,16.6,16.25,16.4,912075
2017-12-01,16.5,16.5,16.05,16.45,765111
2017-12-04,16.45,17.05,16.35,16.75,1106593
2017-12-05,16.8,16.825,16.375,16.55,901542
2017-12-06,16.6,16.675,16.4,16.55,478367
2017-12-07,16.6,16.6,16.45,16.55,266495
2017-12-08,16.6,16.8,16.55,16.8,717514
2017-12-11,16.9,17.0,16.75,16.9,3117325
2017-12-12,17.0,17.0,16.45,16.55,563620
2017-12-13,16.55,16.65,16.4,16.5,839886
2017-12-14,16.45,16.65,16.4,16.45,854133
2017-12-15,16.5,16.5,16.3,16.35,1444775
2017-12-18,16.5,16.7,16.4,16.6,458821
2017-12-19,16.65,16.8,16.5,16.65,640847
2017-12-20,16.75,16.75,16.55,16.6,392133
2017-12-21,16.65,16.825,16.45,16.65,372407
2017-12-22,16.7,16.8,16.65,16.8,517701
2017-12-26,16.75,16.8,16.6,16.6,153063
2017-12-27,16.65,16.75,16.5151,16.65,304041
2017-12-28,16.7,16.7,16.5,16.65,296571
2017-12-29,16.7,16.775,16.55,16.6,422015
2018-01-02,16.65,16.85,16.6,16.8,463915
2018-01-03,16.8,16.9,16.75,16.9,402552
2018-01-04,16.9,17.075,16.8,16.925,878252
2018-01-05,17.2,17.4,16.9,17.2,473064
2018-01-08,17.15,17.25,17.0,17.2,378850
2018-01-09,17.25,17.35,17.15,17.25,433833
2018-01-10,17.2,17.25,17.1,17.15,308891
2018-01-11,17.2,17.6,17.2,17.5,592992
2018-01-12,17.45,17.55,17.3,17.55,272044
2018-01-16,17.6,17.6,17.3,17.3,288094
2018-01-17,17.4,17.7,17.35,17.55,448492
2018-01-18,17.55,17.6,17.35,17.4,257486
2018-01-19,17.5,17.6,17.3,17.55,389687
2018-01-22,17.55,17.55,17.3,17.55,268612
2018-01-23,17.45,17.5,17.3,17.35,383917
2018-01-24,17.35,17.55,17.275,17.4,420709
2018-01-25,17.4,17.45,17.0,17.3,232859
2018-01-26,17.4,17.5,17.225,17.5,158478
2018-01-29,17.45,17.55,17.325,17.35,148880
2018-01-30,17.3,17.475,17.2,17.3,311404
2018-01-31,17.2,17.45,17.0,17.45,411716
2018-02-01,17.3,17.35,17.0,17.15,607208
2018-02-02,17.1,17.1,16.65,16.75,308285
2018-02-05,16.75,16.9,16.1,16.1,386588
2018-02-06,15.8,16.525,15.5,16.5,730388
2018-02-07,16.35,16.55,16.15,16.3,519776
2018-02-08,16.15,16.35,15.8,15.85,616584
2018-02-09,16.0,16.5,15.6,16.0,1151540
2018-02-12,16.1,16.5,16.0,16.15,1410839
2018-02-13,16.15,16.625,16.1,16.55,665181
2018-02-14,16.5,16.75,16.4,16.7,369369
2018-02-15,16.7,16.85,16.5,16.6,428696
2018-02-16,16.55,16.7,16.4,16.45,614205
2018-02-20,16.45,16.45,16.05,16.1,450846
2018-02-21,16.15,16.45,16.15,16.15,561863
2018-02-22,16.3,16.65,16.3,16.5,528120
2018-02-23,16.6,16.8,16.425,16.75,165662
2018-02-26,16.8,16.975,16.75,16.9,281724
2018-02-27,16.85,16.95,16.625,16.7,260276
2018-02-28,16.75,16.75,16.4,16.4,344622
2018-03-01,16.3,16.45,16.025,16.1,440717
2018-03-02,15.95,16.15,15.9,16.15,545799
2018-03-05,16.1,16.45,16.05,16.4,286794
2018-03-06,16.4,16.65,16.325,16.6,281685
2018-03-07,16.5,16.6,16.35,16.5,232251
2018-03-08,16.6,16.65,16.35,16.4,468210
2018-03-09,16.55,16.8,16.45,16.8,412361
2018-03-12,16.85,17.0,16.725,16.85,375123
2018-03-13,16.9,16.95,16.55,16.65,177271
2018-03-14,16.75,16.8,16.55,16.65,320703
2018-03-15,16.75,16.8,16.65,16.75,302799
2018-03-16,16.85,17.025,16.8,17.0,740456
2018-03-19,16.95,17.1,16.7,16.75,1239700
2018-03-20,16.75,16.8,16.625,16.75,330937
2018-03-21,16.8,16.95,16.75,16.9,1154877
2018-03-22,16.85,16.95,16.65,16.7,1320462
2018-03-23,16.7,16.75,15.95,16.0,1687927
2018-03-26,16.15,16.2,15.7,16.1,985791
2018-03-27,16.1,16.25,15.9,15.95,363032
2018-03-28,15.95,16.025,15.75,15.8,390657
2018-03-29,15.8,16.25,15.8,16.1,506339
2018-04-02,16.1,16.1,15.5,15.65,489491
2018-04-03,15.7,16.0,15.55,16.0,515624
2018-04-04,15.8,16.05,15.65,16.0,305007
2018-04-05,15.95,16.15,15.85,16.0,374648
2018-04-06,15.95,16.0,15.6,15.8,316014
2018-04-09,15.85,16.15,15.7,15.85,317127
2018-04-10,16.0,16.375,15.95,16.2,413631
2018-04-11,16.05,16.15,15.925,16.0,323081
2018-04-12,16.05,16.175,15.9,16.1,159772
2018-04-13,16.1,16.15,15.9,15.9,189479
2018-04-16,16.1,16.25,15.95,16.2,234205
2018-04-17,16.25,16.35,16.1,16.25,251383
2018-04-18,16.35,16.4,16.2,16.25,200675
2018-04-19,16.25,16.425,16.25,16.4,179917
2018-04-20,16.4,16.4,16.25,16.35,308299
2018-04-23,16.3,16.45,16.25,16.35,375613
2018-04-24,16.45,16.5,16.05,16.15,389552
2018-04-25,16.15,16.25,15.975,16.15,355238
2018-04-26,16.15,16.3,16.125,16.2,182125
2018-04-27,16.2,16.25,16.075,16.25,140661
2018-04-30,16.35,16.425,16.15,16.25,401555
2018-05-01,16.2,16.2,16.0,16.2,380880
2018-05-02,16.15,16.225,15.85,15.85,300700
2018-05-03,15.95,16.25,15.8,16.2,679257
2018-05-04,16.15,16.4,16.1,16.35,277291
2018-05-07,16.35,16.65,16.35,16.6,364828
2018-05-08,16.65,16.75,16.5,16.6,315081
2018-05-09,16.75,16.75,16.5,16.65,911437
2018-05-10,16.75,16.8,16.575,16.675,1046179
2018-05-11,16.75,16.75,15.35,15.5,962941
2018-05-14,15.75,16.35,15.75,16.25,1629978
2018-05-15,16.25,16.325,15.95,16.25,584980
2018-05-16,16.2,16.4,16.125,16.25,594644
2018-05-17,16.25,16.35,16.1,16.2,981592
2018-05-18,16.15,16.2,16.0,16.1,1104766
2018-05-21,16.1,16.275,16.1,16.2,677153
2018-05-22,16.2,16.3,16.0,16.05,1311517
2018-05-23,16.1,16.1,15.85,16.0,506683
2018-05-24,16.1,16.1,15.85,16.0,731380
2018-05-25,15.95,16.1,15.95,16.05,159529
2018-05-29,16.0,16.1,15.5,15.55,573572
2018-05-30,15.75,15.95,15.675,15.875,289916
2018-05-31,15.85,15.9,15.4,15.45,430421
2018-06-01,15.5,15.75,15.5,15.6,307581
2018-06-04,15.75,15.775,15.6,15.65,251245
2018-06-05,15.65,16.05,15.65,16.05,239521
2018-06-06,16.0,16.2,15.95,16.1,291172
2018-06-07,16.1,16.2,16.0,16.1,286751
2018-06-08,16.1,16.3,16.05,16.15,449110
2018-06-11,16.0,16.325,16.0,16.2,264996
2018-06-12,16.25,16.45,16.25,16.4,213780
2018-06-13,16.35,16.675,16.05,16.1,903072
2018-06-14,16.2,16.25,16.0,16.15,803181
2018-06-15,16.0,16.45,15.95,16.25,1883836
2018-06-18,16.1,16.3,16.05,16.3,400507
2018-06-19,16.1,16.2,16.05,16.1,643535
2018-06-20,16.15,16.3,16.1,16.15,820068
2018-06-21,16.1,16.2,15.9,16.0,716133
2018-06-22,16.15,16.15,16.0,16.05,541024
2018-06-25,16.0,16.1,15.7,15.75,313040
2018-06-26,15.75,15.85,15.6,15.7,370510
2018-06-27,15.75,16.0,15.7,15.75,346061
2018-06-28,15.8,15.85,15.65,15.8,285729
2018-06-29,15.75,15.95,15.75,15.85,379695
2018-07-02,15.7,15.8,15.4,15.45,469935
2018-07-03,15.6,15.7,15.55,15.55,226072
2018-07-05,15.55,15.6,15.35,15.5,477752
2018-07-06,15.45,15.7,15.45,15.6,169549
2018-07-09,15.75,15.775,15.6,15.7,209782
2018-07-10,15.7,16.1,15.7,16.05,260744
2018-07-11,15.9,16.15,15.75,15.8,258053
2018-07-12,15.9,15.9,15.65,15.75,156100
2018-07-13,15.75,15.85,15.75,15.8,115934
2018-07-16,15.75,15.8,15.6,15.65,159612
2018-07-17,15.6,15.625,15.475,15.55,338029
2018-07-18,15.45,15.85,15.45,15.65,523782
2018-07-19,15.55,15.825,15.5,15.6,394504
2018-07-20,15.55,15.7,15.45,15.5,254275
2018-07-23,15.55,15.725,15.4,15.5,365234
2018-07-24,15.55,15.55,15.2,15.25,145310
2018-07-25,15.25,15.4,15.2,15.4,244601
2018-07-26,15.4,15.4765,15.25,15.25,202850
2018-07-27,15.3,15.375,15.0,15.1,212845
2018-07-30,15.15,15.25,15.0,15.15,233171
2018-07-31,15.15,15.35,15.1,15.3,173802
2018-08-01,15.2,15.3,15.1,15.25,312287
2018-08-02,15.1,15.25,15.1,15.2,158370
2018-08-03,15.15,15.3,15.1,15.3,123260
2018-08-06,15.25,15.45,15.225,15.35,226658
2018-08-07,15.35,15.45,15.225,15.3,176141
2018-08-08,15.35,15.4,15.175,15.3,262747
2018-08-09,15.35,15.625,15.25,15.4,386221
2018-08-10,15.2,15.2,13.2,13.45,940131
2018-08-13,13.6,14.05,13.6,13.95,1560202
2018-08-14,14.15,14.3,13.9,14.15,1609372
2018-08-15,14.15,14.2,13.95,14.1,1667797
2018-08-16,14.3,14.4,14.15,14.3,817136
2018-08-17,14.35,14.45,14.1,14.45,1320955
2018-08-20,14.05,14.15,13.75,14.05,910850
2018-08-21,14.15,14.15,13.9,14.05,1638099
2018-08-22,14.1,14.2,14.0,14.2,469894
2018-08-23,14.1,14.15,13.75,13.85,613385
2018-08-24,13.95,14.05,13.75,13.85,948915
2018-08-27,13.9,14.0,13.6,13.8,884697
2018-08-28,13.8,13.85,13.65,13.75,479524
2018-08-29,13.8,14.0,13.75,13.85,519905
2018-08-30,13.8,13.95,13.65,13.7,615744
2018-08-31,13.6,13.75,13.45,13.6,444315
2018-09-04,13.65,13.75,13.35,13.4,437658
2018-09-05,13.45,13.5,13.25,13.4,659323
2018-09-06,13.35,13.55,13.05,13.15,975417
2018-09-07,12.955,13.25,12.95,13.1,334339
2018-09-10,13.15,13.225,12.95,13.05,636570
2018-09-11,13.0,13.1,12.8,13.0,563658
2018-09-12,13.05,13.125,12.8,12.9,579045
2018-09-13,12.9,13.1,12.9,13.05,408416
2018-09-14,13.0,13.025,12.75,12.85,586465
2018-09-17,13.1,13.1,12.7,12.75,283203
2018-09-18,12.85,13.0,12.7,12.9,504944
2018-09-19,12.85,13.125,12.85,12.95,552290
2018-09-20,13.0,13.1,12.85,13.1,437802
2018-09-21,13.1,13.25,12.95,13.2,1770297
2018-09-24,13.05,13.3,13.05,13.25,493285
2018-09-25,13.3,13.425,13.25,13.35,504480
2018-09-26,13.4,13.45,13.2,13.4,530584
2018-09-27,13.35,13.5762,13.25,13.35,774081
2018-09-28,13.35,13.6858,13.25,13.6,523512
2018-10-01,13.64,13.74,13.41,13.53,908853
2018-10-02,13.51,13.54,13.38,13.39,1099934
2018-10-03,13.45,13.81,13.37,13.73,1399115
2018-10-04,13.69,13.73,13.53,13.66,1181081
2018-10-05,13.76,13.81,13.6,13.64,931868
2018-10-08,13.65,13.65,13.46,13.63,424045
2018-10-09,13.9,13.9,13.59,13.73,793283
2018-10-10,13.65,13.73,13.15,13.16,776667
2018-10-11,13.12,13.195,12.96,13.02,750316
2018-10-12,13.14,13.24,13.06,13.2,670773
2018-10-15,13.13,13.43,12.91,13.29,453603
2018-10-16,13.41,13.48,13.29,13.45,424385
2018-10-17,13.39,13.6,13.33,13.51,674045
2018-10-18,13.52,13.6,13.36,13.42,609744
2018-10-19,13.45,13.67,13.35,13.38,1629125
2018-10-22,13.39,13.46,13.32,13.4,718926
2018-10-23,13.16,13.38,13.07,13.23,1278870
2018-10-24,13.18,13.39,12.995,13.02,727291
2018-10-25,13.0,13.205,12.94,13.03,893865
2018-10-26,12.92,13.02,12.74,12.84,1012019
2018-10-29,12.98,13.14,12.575,12.69,513989
2018-10-30,12.78,13.04,12.72,13.03,559122
2018-10-31,13.05,13.52,13.05,13.34,590555
2018-11-01,13.35,13.41,13.18,13.31,853267
2018-11-02,13.33,13.43,13.185,13.36,473391
2018-11-05,13.36,13.49,13.25,13.36,978038
2018-11-06,13.4,13.52,13.3,13.47,395497
2018-11-07,13.5,13.66,13.425,13.6,535837
2018-11-08,14.14,14.34,13.67,14.31,766709
2018-11-09,14.27,14.54,14.27,14.4,887598
2018-11-12,14.4,14.45,13.88,13.89,609046
2018-11-13,13.95,14.1,13.855,13.91,571642
2018-11-14,14.02,14.1,13.89,14.06,401687
2018-11-15,13.95,13.95,13.7,13.85,622958
2018-11-16,13.79,14.02,13.79,13.88,384159
2018-11-19,13.87,13.87,13.59,13.65,549133
2018-11-20,13.5,13.62,12.92,12.95,508665
2018-11-21,12.96,13.19,12.92,12.99,552184
2018-11-23,12.92,13.09,12.86,12.96,186816
2018-11-26,13.09,13.44,13.07,13.42,511950
2018-11-27,13.4,13.55,13.18,13.27,477202
2018-11-28,13.22,13.52,13.15,13.52,596582
2018-11-29,13.5,13.73,13.5,13.6,285855
2018-11-30,13.57,13.66,13.37,13.4,482026
2018-12-03,13.49,13.8,13.49,13.69,348282
2018-12-04,13.65,13.77,13.24,13.27,441504
2018-12-06,13.14,13.14,12.69,12.86,798239
2018-12-07,12.87,13.03,12.64,12.71,343297
2018-12-10,12.69,12.84,12.43,12.79,679659
2018-12-11,12.95,13.11,12.595,12.66,716877
2018-12-12,12.84,13.15,12.8,12.97,380329
2018-12-13,12.99,13.18,12.74,12.81,394443
2018-12-14,12.65,12.72,12.42,12.46,459508
2018-12-17,12.47,12.55,12.19,12.27,732797
2018-12-18,12.34,12.55,12.06,12.16,427684
2018-12-19,12.19,12.43,11.99,12.01,694223
2018-12-20,12.01,12.01,11.48,11.57,672526
2018-12-21,11.57,11.87,11.245,11.25,1735082
2018-12-24,11.19,11.375,11.06,11.06,431424
2018-12-26,11.1,11.36,10.85,11.36,782526
2018-12-27,11.19,11.38,10.96,11.38,880629
2018-12-28,11.42,11.6,11.31,11.46,445710
2018-12-31,11.49,11.58,11.33,11.55,444878
2019-01-02,11.41,11.65,11.32,11.61,341376
2019-01-03,11.56,11.65,11.36,11.46,679517
2019-01-04,11.61,11.97,11.61,11.96,316686
2019-01-07,11.97,12.31,11.88,12.2,975813
2019-01-08,12.29,12.41,12.175,12.32,847817
2019-01-09,12.34,12.52,12.3,12.37,825177
2019-01-10,12.34,12.43,12.25,12.37,427969
2019-01-11,12.32,12.505,12.27,12.48,373877
2019-01-14,12.49,12.61,12.42,12.45,492559
2019-01-15,12.49,12.69,12.47,12.51,950348
2019-01-16,12.49,12.66,12.49,12.54,545742
2019-01-17,12.5,12.7,12.43,12.6,799934
2019-01-18,12.74,12.74,12.58,12.68,628242
2019-01-22,12.66,12.68,12.43,12.5,524623
2019-01-23,12.51,12.52,12.17,12.36,362927
2019-01-24,12.34,12.61,12.27,12.56,536238
2019-01-25,12.67,12.99,12.67,12.8,1912314
2019-01-28,12.78,12.85,12.67,12.78,784375
2019-01-29,12.82,12.99,12.82,12.86,1047379
2019-01-30,12.85,12.95,12.65,12.83,928580
2019-01-31,12.79,12.97,12.79,12.93,1328003
2019-02-01,12.93,12.97,12.84,12.86,640392
2019-02-04,12.79,13.08,12.79,12.99,1026603
2019-02-05,12.98,13.13,12.959,13.12,425691
2019-02-06,13.06,13.25,13.04,13.07,525619
2019-02-07,12.97,13.0,12.64,12.82,761121
2019-02-08,12.85,13.1,12.32,12.67,752001
2019-02-11,12.97,12.97,12.28,12.41,682323
2019-02-12,12.52,12.71,12.43,12.63,478760
2019-02-13,12.66,12.79,12.58,12.66,487355
2019-02-14,12.51,12.83,12.51,12.69,377369
2019-02-15,12.79,12.95,12.66,12.93,564190
2019-02-19,12.96,13.13,12.94,13.02,574322
2019-02-20,12.91,13.25,12.91,13.15,456551
2019-02-21,13.07,13.18,13.01,13.05,481201
2019-02-22,13.0,13.27,13.0,13.21,352104
2019-02-25,13.34,13.445,13.26,13.27,446153
2019-02-26,13.3,13.35,13.23,13.32,396507
2019-02-27,13.3,13.38,13.18,13.32,313829
2019-02-28,13.33,13.34,13.24,13.31,535025
2019-03-01,13.41,13.59,13.36,13.56,421471
2019-03-04,13.59,13.69,13.41,13.56,355628
2019-03-05,13.53,13.6,13.39,13.42,943117
2019-03-06,13.38,13.46,13.3,13.36,610674
2019-03-07,13.35,13.37,13.09,13.15,261881
2019-03-08,13.03,13.05,12.915,13.05,268175
2019-03-11,13.06,13.305,13.06,13.29,325268
2019-03-12,13.25,13.33,13.03,13.06,662710
2019-03-13,13.13,13.13,12.92,12.96,435389
2019-03-14,12.95,12.98,12.78,12.78,1030771
2019-03-15,12.82,12.88,12.69,12.74,2386294
2019-03-18,12.75,12.91,12.71,12.73,1331772
2019-03-19,12.75,12.81,12.57,12.62,1406480
2019-03-20,12.6,12.72,12.46,12.61,1781199
2019-03-21,12.55,13.025,12.55,12.85,2139864
2019-03-22,12.81,12.8989,12.57,12.64,1574315
2019-03-25,12.65,12.74,12.54,12.59,1402683
2019-03-26,12.64,12.68,12.43,12.5,662468
2019-03-27,12.54,12.54,12.295,12.39,466983
2019-03-28,12.4,12.46,12.27,12.45,311649
2019-03-29,12.51,12.53,12.42,12.49,367487
2019-04-01,12.6,12.665,12.55,12.61,505765
2019-04-02,12.64,12.67,12.48,12.48,909430
2019-04-03,12.57,12.75,12.52,12.55,607855
2019-04-04,12.56,12.7,12.56,12.58,1011814
2019-04-05,12.59,12.71,12.56,12.64,339895
2019-04-08,12.66,12.695,12.58,12.63,347585
2019-04-09,12.58,12.66,12.565,12.63,291852
2019-04-10,12.66,12.7639,12.63,12.76,238842
2019-04-11,12.75,12.76,12.63,12.64,333587
2019-04-12,12.68,12.79,12.68,12.75,387375
2019-04-15,12.71,12.81,12.59,12.65,819982
2019-04-16,12.69,12.84,12.64,12.75,648705
2019-04-17,12.75,12.935,12.68,12.71,527991
2019-04-18,12.73,12.73,12.45,12.63,370214
2019-04-22,12.6,12.62,12.37,12.52,296668
2019-04-23,12.54,12.69,12.54,12.6,428641
2019-04-24,12.6,12.64,12.565,12.62,399501
2019-04-25,12.6,12.6,12.33,12.46,312895
2019-04-26,12.48,12.57,12.405,12.57,482916
2019-04-29,12.53,12.69,12.49,12.52,944189
2019-04-30,12.64,12.64,12.35,12.49,624586
2019-05-01,12.52,12.61,12.41,12.44,1138217
2019-05-02,12.45,12.45,12.25,12.37,582608
2019-05-03,12.39,12.49,12.39,12.43,1212961
2019-05-06,12.26,12.34,12.06,12.17,424898
2019-05-07,12.07,12.08,11.64,11.74,883471
2019-05-08,11.69,11.82,11.59,11.61,679269
2019-05-09,11.57,11.67,11.38,11.66,926662
2019-05-10,11.83,12.28,11.79,12.03,818216
2019-05-13,11.78,11.88,11.48,11.58,1404516
2019-05-14,11.62,11.795,11.6,11.65,1159008
2019-05-15,11.56,11.765,11.45,11.73,531956
2019-05-16,11.76,11.88,11.66,11.68,232804
2019-05-17,11.61,11.68,11.51,11.56,553415
2019-05-20,11.93,12.03,11.78,11.81,1651408
2019-05-21,11.92,12.03,11.9,12.01,545625
2019-05-22,11.95,12.05,11.95,11.99,905064
2019-05-23,11.9,12.035,11.81,12.0,687248
2019-05-24,12.07,12.16,11.98,12.06,675011
2019-05-28,12.07,12.14,11.99,11.99,580427
2019-05-29,12.02,12.04,11.79,11.87,739131
2019-05-30,11.88,11.96,11.71,11.77,801292
2019-05-31,11.67,11.755,11.63,11.65,703804
2019-06-03,11.63,11.785,11.63,11.72,870080
2019-06-04,11.89,11.95,11.78,11.89,712053
2019-06-05,11.88,11.99,11.65,11.97,1344787
2019-06-06,11.96,12.0,11.875,11.93,822198
2019-06-07,12.08,12.13,11.91,12.07,703997
2019-06-10,12.12,12.15,12.04,12.12,621321
2019-06-11,12.2,12.205,12.09,12.13,649401
2019-06-12,12.15,12.1975,12.05,12.07,597997
2019-06-13,12.08,12.17,12.035,12.16,533188
2019-06-14,12.12,12.235,12.05,12.21,1291816
2019-06-17,12.25,12.64,12.23,12.61,974852
2019-06-18,12.74,13.325,12.675,13.2,1147155
2019-06-19,13.25,13.77,13.25,13.72,1296002
2019-06-20,13.86,13.98,13.72,13.95,1156623
2019-06-21,13.92,14.07,13.74,13.92,1850167
2019-06-24,13.89,13.9,13.7,13.73,779500
2019-06-25,13.78,13.78,13.63,13.66,527482
2019-06-26,13.67,13.8,13.65,13.7,612300
2019-06-27,13.85,13.92,13.8,13.86,598025
2019-06-28,13.86,14.0,13.78,13.96,1691598
2019-07-01,14.17,14.22,13.835,13.99,904970
2019-07-02,13.97,14.08,13.82,13.91,391310
2019-07-03,13.95,13.96,13.83,13.9,269833
2019-07-05,13.87,13.99,13.78,13.91,526607
2019-07-08,13.83,13.95,13.68,13.71,319153
2019-07-09,13.68,13.77,13.6299,13.7,386904
2019-07-10,13.74,13.8,13.66,13.69,643274
2019-07-11,13.71,13.75,13.6,13.64,409849
2019-07-12,13.69,13.75,13.6,13.73,670635
2019-07-15,13.74,13.76,13.63,13.75,466374
2019-07-16,13.78,13.91,13.77,13.88,740337
2019-07-17,13.87,13.98,13.46,13.53,761290
2019-07-18,13.55,13.685,13.5,13.66,794285
2019-07-19,13.54,13.62,13.37,13.51,392421
2019-07-22,13.49,13.61,13.46,13.59,467323
2019-07-23,13.67,13.73,13.56,13.66,914004
2019-07-24,13.62,13.88,13.55,13.83,835544
2019-07-25,13.84,13.84,13.6,13.66,370728
2019-07-26,13.66,13.73,13.61,13.7,415798
2019-07-29,13.66,13.78,13.53,13.65,390214
2019-07-30,13.57,13.69,13.53,13.68,355080
2019-07-31,13.64,14.07,13.395,13.46,695635
2019-08-01,13.42,13.58,13.305,13.34,685365
2019-08-02,13.26,13.32,13.15,13.3,713130
2019-08-05,13.1,13.27,13.01,13.09,1094767
2019-08-06,13.16,13.23,13.06,13.2,515733
2019-08-07,13.06,13.14,12.82,13.12,699272
2019-08-08,13.11,13.37,13.11,13.36,1025456
2019-08-09,13.52,14.12,13.32,14.07,809493
2019-08-12,14.15,14.58,14.125,14.4,1125205
2019-08-13,14.4,14.73,14.38,14.46,892533
2019-08-14,14.26,14.43,13.74,13.75,794997
2019-08-15,13.73,14.25,13.73,13.99,769005
2019-08-16,14.06,14.22,13.83,14.14,480290
2019-08-19,14.34,14.51,14.32,14.36,315231
2019-08-20,14.34,14.51,14.275,14.29,420601
2019-08-21,14.35,14.505,14.25,14.46,273166
2019-08-22,14.46,14.6,14.375,14.47,409584
2019-08-23,14.39,14.45,13.91,13.95,731708
2019-08-26,14.0,14.09,13.93,14.04,410669
2019-08-27,14.16,14.16,13.86,13.92,527360
2019-08-28,13.95,14.14,13.86,14.13,435440
2019-08-29,14.25,14.29,14.175,14.19,246435
2019-08-30,14.27,14.33,14.08,14.16,318583
2019-09-03,14.01,14.07,13.88,13.93,374095
2019-09-04,14.01,14.25,14.01,14.2,396745
2019-09-05,14.35,14.49,14.32,14.34,370328
2019-09-06,14.36,14.55,14.36,14.51,369017
2019-09-09,14.56,14.76,14.42,14.75,421641
2019-09-10,14.58,14.85,14.56,14.84,394146
2019-09-11,14.81,14.985,14.74,14.87,363052
2019-09-12,14.87,15.01,14.8,14.82,636568
2019-09-13,14.86,14.97,14.8,14.9,342855
2019-09-16,14.86,14.86,14.36,14.48,470943
2019-09-17,14.45,14.65,14.34,14.62,427021
2019-09-18,14.68,14.71,14.5,14.6,527010
2019-09-19,14.6,14.64,14.33,14.35,449949
2019-09-20,14.4,14.57,14.19,14.32,1193095
2019-09-23,14.37,14.48,14.19,14.39,434421
2019-09-24,14.4,14.41,14.04,14.26,515113
2019-09-25,14.21,14.46,14.18,14.37,355828
2019-09-26,14.36,14.36,13.99,14.23,592744
2019-09-27,14.31,14.34,14.09,14.17,225867
2019-09-30,14.22,14.43,14.21,14.295,572672
2019-10-01,14.35,14.47,14.21,14.25,627356
2019-10-02,14.11,14.18,13.93,14.06,977889
2019-10-03,14.12,14.18,13.78,13.965,545427
2019-10-04,13.99,14.15,13.97,14.115,368659
2019-10-07,14.0,14.12,13.94,13.94,606435
2019-10-08,13.85,13.9,13.19,13.195,742341
2019-10-09,13.24,13.39,13.125,13.36,742982
2019-10-10,13.3,13.53,13.3,13.47,594609
2019-10-11,13.63,13.84,13.465,13.76,430736
2019-10-14,13.66,13.81,13.66,13.8,326889
2019-10-15,13.86,13.86,13.11,13.64,695973
2019-10-16,13.62,13.9,13.62,13.87,572995
2019-10-17,13.94,14.06,13.77,13.91,681142
2019-10-18,13.84,13.99,13.71,13.79,1054351
2019-10-21,13.88,14.04,13.83,14.0,566641
2019-10-22,14.03,14.32,14.015,14.19,1115492
2019-10-23,14.18,14.28,14.07,14.245,560186
2019-10-24,14.36,14.57,14.09,14.225,700309
2019-10-25,14.28,14.28,14.12,14.21,461683
2019-10-28,14.2,14.39,14.2,14.3,392504
2019-10-29,14.24,14.422,14.22,14.33,397510
2019-10-30,14.31,14.33,13.93,14.02,380150
2019-10-31,14.05,14.13,13.82,14.12,502507
2019-11-01,14.13,14.24,14.0,14.18,553671
2019-11-04,14.24,14.35,14.14,14.23,484695
2019-11-05,14.27,14.31,14.15,14.19,380689
2019-11-06,14.17,14.17,13.84,13.98,465669
2019-11-07,14.02,14.23,13.71,13.79,712422
2019-11-08,13.31,13.91,12.97,13.23,1103236
2019-11-11,13.17,13.43,13.11,13.36,1063642
2019-11-12,13.32,13.38,13.15,13.31,818265
2019-11-13,13.28,13.46,13.2,13.31,804803
2019-11-14,13.25,13.31,13.01,13.2,885880
2019-11-15,13.28,13.325,13.15,13.32,786449
2019-11-18,13.32,13.4,13.24,13.26,564743
2019-11-19,13.28,13.3,13.18,13.27,416175
2019-11-20,13.22,13.22,13.05,13.14,659732
2019-11-21,13.13,13.15,12.87,12.9,596925
2019-11-22,12.92,13.015,12.89,12.98,781943
2019-11-25,13.03,13.17,12.98,13.17,670750
2019-11-26,13.21,13.395,13.14,13.32,457872
2019-11-27,13.45,13.55,13.35,13.38,548189
2019-11-29,13.31,13.4,13.05,13.17,528885
2019-12-02,13.08,13.26,12.99,13.17,782503
2019-12-03,13.1,13.1,12.82,12.91,491713
2019-12-04,12.93,13.13,12.91,13.07,581296
2019-12-05,13.09,13.31,13.075,13.28,580191
2019-12-06,13.33,13.54,13.285,13.48,578638
2019-12-09,13.45,13.63,13.42,13.49,746970
2019-12-10,13.48,13.57,13.39,13.45,646515
2019-12-11,13.5,13.63,13.4,13.535,539200
2019-12-12,13.59,14.05,13.59,14.03,605803
2019-12-13,14.06,14.065,13.83,13.91,772671
2019-12-16,14.0,14.26,14.0,14.09,683244
2019-12-17,14.17,14.22,14.005,14.16,583569
2019-12-18,14.23,14.46,14.13,14.38,672303
2019-12-19,14.35,14.41,14.22,14.31,629733
2019-12-20,14.61,14.61,14.14,14.31,1771060
2019-12-23,14.26,14.355,14.245,14.31,404220
2019-12-24,14.28,14.34,14.27,14.29,112237
2019-12-26,14.36,14.54,14.34,14.53,749291
2019-12-27,14.6,14.6,14.46,14.47,408658
2019-12-30,14.42,14.5,14.41,14.46,344766
2019-12-31,14.48,14.51,14.33,14.51,327715
2020-01-02,14.63,14.82,14.55,14.81,674695
2020-01-03,14.61,14.86,14.61,14.82,1037300
2020-01-06,14.79,14.79,14.62,14.77,475097
2020-01-07,14.72,14.99,14.7,14.93,467690
2020-01-08,14.93,15.11,14.93,14.97,528059
2020-01-09,15.0,15.05,14.26,14.81,661884
2020-01-10,14.85,14.85,14.69,14.72,436952
2020-01-13,14.71,14.92,14.67,14.9,367304
2020-01-14,14.8,15.06,14.8,15.045,933840
2020-01-15,15.08,15.17,15.01,15.14,488097
2020-01-16,15.23,15.36,15.07,15.25,551222
2020-01-17,15.25,15.36,15.19,15.23,725620
2020-01-21,15.06,15.08,14.73,14.84,612164
2020-01-22,14.83,14.95,14.75,14.79,544912
2020-01-23,14.65,14.815,14.61,14.71,434822
2020-01-24,14.69,14.69,14.34,14.345,899587
2020-01-27,14.18,14.29,14.05,14.1,639157
2020-01-28,14.15,14.21,13.92,13.92,826291
2020-01-29,13.91,14.07,13.72,13.79,583218
2020-01-30,13.75,14.03,13.61,14.01,757101
2020-01-31,13.98,14.06,13.87,13.97,616078
2020-02-03,14.07,14.16,13.97,14.02,732736
2020-02-04,14.21,14.22,14.0,14.15,531448
2020-02-05,14.33,14.49,14.19,14.4,790780
2020-02-06,14.55,14.82,14.44,14.74,1311445
2020-02-07,14.4,14.55,13.88,14.44,756441
2020-02-10,14.36,14.4,13.94,14.08,947476
2020-02-11,14.25,14.5,14.13,14.48,453640
2020-02-12,14.54,14.87,14.51,14.8,572233
2020-02-13,14.75,14.825,14.66,14.81,488036
2020-02-14,14.8,15.02,14.74,14.98,440377
2020-02-18,14.92,14.99,14.86,14.92,333593
2020-02-19,14.92,15.215,14.89,15.05,512900
2020-02-20,15.07,15.1,14.82,14.98,826305
2020-02-21,14.92,14.93,14.75,14.79,501489
2020-02-24,14.48,14.52,14.03,14.03,819456
2020-02-25,14.08,14.11,13.2,13.235,983519
2020-02-26,13.37,13.37,12.59,12.73,723248
2020-02-27,12.45,12.74,12.09,12.28,1348823
2020-02-28,11.87,12.59,11.87,12.44,2573694
2020-03-02,12.49,12.68,12.09,12.66,1875875
2020-03-03,12.5,13.0,12.03,12.09,1821923
2020-03-04,12.15,12.19,11.79,12.1,1166599
2020-03-05,11.77,11.78,11.26,11.33,844629
2020-03-06,11.12,11.375,10.9,11.26,1633153
2020-03-09,10.74,10.85,10.34,10.49,1615539
2020-03-10,10.7,11.1,10.325,11.06,1452613
2020-03-11,10.7,10.775,10.24,10.35,2166377
2020-03-12,9.69,10.11,9.38,9.42,3021404
2020-03-13,9.88,10.62,9.68,10.61,2137333
2020-03-16,9.49,10.33,9.23,10.28,1339735
2020-03-17,10.23,11.49,9.97,10.72,2497560
2020-03-18,10.02,10.12,8.78,9.16,2004428
2020-03-19,9.01,9.67,8.81,9.32,1015351
2020-03-20,9.27,9.3,8.545,8.71,2137875
2020-03-23,8.66,8.82,7.92,8.14,2210170
2020-03-24,8.44,8.66,8.2,8.65,1598533
2020-03-25,8.55,9.2,8.09,8.61,1540697
2020-03-26,8.66,9.3,8.66,9.16,1214254
2020-03-27,8.85,8.9,8.375,8.42,1206248
2020-03-30,8.42,8.92,8.19,8.86,1490765
2020-03-31,8.95,9.35,8.78,8.99,1125645
2020-04-01,8.6,9.02,8.45,8.59,1020662
2020-04-02,8.47,8.6,7.875,8.17,1328533
2020-04-03,8.18,8.31,8.05,8.24,1001145
2020-04-06,8.57,9.04,8.57,8.98,730280
2020-04-07,9.38,9.63,8.97,9.0,1012888
2020-04-08,9.09,9.22,8.85,9.14,570637
2020-04-09,9.33,9.7321,9.22,9.69,796619
2020-04-13,9.66,9.73,9.375,9.58,337679
2020-04-14,9.75,10.18,9.42,9.67,597893
2020-04-15,9.33,9.33,8.925,9.12,482354
2020-04-16,9.14,9.15,8.62,8.7,536179
2020-04-17,8.86,9.23,8.86,9.17,864373
2020-04-20,8.95,9.11,8.86,9.02,481581
2020-04-21,8.8,8.8,8.55,8.62,388308
2020-04-22,8.78,8.78,8.63,8.65,268596
2020-04-23,8.7,9.04,8.6476,8.82,426329
2020-04-24,8.88,9.1,8.83,8.99,662974
2020-04-27,9.17,9.71,9.17,9.6,432217
2020-04-28,9.81,10.07,9.73,9.91,559766
2020-04-29,10.2,10.81,10.2,10.81,1133874
2020-04-30,10.61,10.61,10.12,10.22,553834
2020-05-01,10.03,10.08,9.66,9.7,375434
2020-05-04,9.6,9.935,9.48,9.91,519551
2020-05-05,10.02,10.29,9.79,9.81,742850
2020-05-06,9.85,10.11,9.795,9.99,597711
2020-05-07,9.91,10.11,9.745,9.93,591837
2020-05-08,10.26,11.39,10.26,11.25,642843
2020-05-11,11.04,11.15,10.85,10.98,472104
2020-05-12,11.02,11.1,10.79,10.8,904661
2020-05-13,10.6,10.95,10.55,10.93,760576
2020-05-14,10.65,11.01,10.31,11.0,649472
2020-05-15,10.92,11.105,10.78,11.01,804536
2020-05-18,11.49,11.64,11.185,11.28,962129
2020-05-19,11.25,11.52,11.15,11.28,392275
2020-05-20,11.36,11.685,11.36,11.65,396887
2020-05-21,11.6,11.665,11.39,11.55,391032
2020-05-22,11.58,11.68,11.53,11.63,249809
2020-05-26,12.05,12.115,11.88,12.0,299571
2020-05-27,12.17,12.3,11.975,12.3,415368
2020-05-28,12.34,12.34,11.96,12.02,575717
2020-05-29,11.98,12.31,11.96,12.26,907111
2020-06-01,12.27,12.47,12.19,12.24,490059
2020-06-02,12.39,12.4,12.165,12.32,374566
2020-06-03,12.5,13.015,12.44,12.97,525779
2020-06-04,12.86,13.02,12.74,12.84,591058
2020-06-05,13.4,13.46,13.0,13.04,729551
2020-06-08,12.99,13.505,12.99,13.42,784948
2020-06-09,13.27,13.27,12.865,12.92,360890
2020-06-10,12.92,12.92,12.44,12.44,558394
2020-06-11,12.08,12.17,11.405,11.44,675396
2020-06-12,11.93,11.95,11.485,11.75,557405
2020-06-15,11.39,11.92,11.33,11.84,548132
2020-06-16,12.24,12.305,11.82,12.12,793144
2020-06-17,12.29,12.445,12.09,12.38,478675
2020-06-18,12.32,12.32,11.85,11.98,673232
2020-06-19,12.17,12.24,11.75,11.875,1747830
2020-06-22,11.92,12.065,11.7836,11.99,277089
2020-06-23,12.18,12.23,12.04,12.07,301195
2020-06-24,11.82,11.97,11.66,11.69,423401
2020-06-25,11.65,11.82,11.55,11.77,570785
2020-06-26,11.74,11.74,11.31,11.54,857533
2020-06-29,11.63,11.76,11.44,11.73,221348
2020-06-30,11.7,11.99,11.64,11.95,384286
2020-07-01,11.95,12.24,11.67,12.12,575425
2020-07-02,12.31,12.38,12.06,12.1,343221
2020-07-06,12.36,12.4,12.11,12.21,202050
2020-07-07,12.12,12.19,12.01,12.03,282315
2020-07-08,12.03,12.03,11.75,11.88,306491
2020-07-09,11.87,11.888,11.6,11.73,296320
2020-07-10,11.73,12.01,11.73,11.98,306775
2020-07-13,12.08,12.23,11.89,11.96,402724
2020-07-14,12.03,12.4,11.82,12.38,570200
2020-07-15,12.66,12.75,12.52,12.72,487991
2020-07-16,12.59,12.8882,12.59,12.79,234796
2020-07-17,12.85,12.89,12.68,12.8,238210
2020-07-20,12.72,12.82,12.63,12.73,341749
2020-07-21,12.79,12.88,12.65,12.76,281726
2020-07-22,12.83,13.005,12.77,12.845,216365
2020-07-23,12.84,13.02,12.71,12.73,315919
2020-07-24,12.74,12.89,12.67,12.71,249935
2020-07-27,12.69,12.9211,12.6826,12.91,249098
2020-07-28,12.78,12.81,12.67,12.73,551559
2020-07-29,12.78,12.97,12.75,12.86,635019
2020-07-30,12.7,12.96,12.63,12.92,219619
2020-07-31,12.97,12.97,12.61,12.76,457330
2020-08-03,12.79,13.03,12.675,12.98,436038
2020-08-04,13.0,13.385,12.97,13.38,232816
2020-08-05,13.39,13.48,13.2,13.31,284648
2020-08-06,13.23,13.58,13.23,13.5,487930
2020-08-07,13.48,14.32,13.12,14.32,497137
2020-08-10,14.68,15.015,14.5,14.95,698247
2020-08-11,15.06,15.35,15.02,15.16,118899
