,MMM,ABT,ABBV,ABMD,ACN,ATVI,ADBE,AMD,AAP,AES,AFL,A,APD,AKAM,ALK,ALB,ARE,ALXN,ALGN,ALLE,LNT,ALL,GOOGL,GOOG,MO,AMZN,AMCR,AEE,AAL,AEP,AXP,AIG,AMT,AWK,AMP,ABC,AME,AMGN,APH,ADI,ANSS,ANTM,AON,AOS,APA,AAPL,AMAT,APTV,ADM,ANET,AJG,AIZ,T,ATO,ADSK,ADP,AZO,AVB,AVY,BKR,BLL,BAC,BK,BAX,BDX,BBY,BIO,BIIB,BLK,BA,BKNG,BWA,BXP,BSX,BMY,AVGO,BR,CHRW,COG,CDNS,CPB,COF,CAH,KMX,CCL,CARR,CTLT,CAT,CBOE,CBRE,CDW,CE,CNC,CNP,CERN,CF,SCHW,CHTR,CVX,CMG,CB,CHD,CI,CINF,CTAS,CSCO,C,CFG,CTXS,CLX,CME,CMS,KO,CTSH,CL,CMCSA,CMA,CAG,CXO,COP,ED,STZ,COO,CPRT,GLW,CTVA,COST,CCI,CSX,CMI,CVS,DHI,DHR,DRI,DVA,DE,DAL,XRAY,DVN,DXCM,FANG,DLR,DFS,DISCA,DISCK,DISH,DG,DLTR,D,DPZ,DOV,DOW,DTE,DUK,DRE,DD,DXC,EMN,ETN,EBAY,ECL,EIX,EW,EA,EMR,ETR,EOG,EFX,EQIX,EQR,ESS,EL,ETSY,EVRG,ES,RE,EXC,EXPE,EXPD,EXR,XOM,FFIV,FB,FAST,FRT,FDX,FIS,FITB,FE,FRC,FISV,FLT,FLIR,FLS,FMC,F,FTNT,FTV,FBHS,FOXA,FOX,BEN,FCX,GPS,GRMN,IT,GD,GE,GIS,GM,GPC,GILD,GL,GPN,GS,GWW,HAL,HBI,HIG,HAS,HCA,PEAK,HSIC,HSY,HES,HPE,HLT,HFC,HOLX,HD,HON,HRL,HST,HWM,HPQ,HUM,HBAN,HII,IEX,IDXX,INFO,ITW,ILMN,INCY,IR,INTC,ICE,IBM,IP,IPG,IFF,INTU,ISRG,IVZ,IPGP,IQV,IRM,JKHY,J,JBHT,SJM,JNJ,JCI,JPM,JNPR,KSU,K,KEY,KEYS,KMB,KIM,KMI,KLAC,KHC,KR,LB,LHX,LH,LRCX,LW,LVS,LEG,LDOS,LEN,LLY,LNC,LIN,LYV,LKQ,LMT,L,LOW,LUMN,LYB,MTB,MRO,MPC,MKTX,MAR,MMC,MLM,MAS,MA,MKC,MXIM,MCD,MCK,MDT,MRK,MET,MTD,MGM,MCHP,MU,MSFT,MAA,MHK,TAP,MDLZ,MNST,MCO,MS,MOS,MSI,MSCI,NDAQ,NOV,NTAP,NFLX,NWL,NEM,NWSA,NWS,NEE,NLSN,NKE,NI,NSC,NTRS,NOC,NLOK,NCLH,NRG,NUE,NVDA,NVR,ORLY,OXY,ODFL,OMC,OKE,ORCL,OTIS,PCAR,PKG,PH,PAYX,PAYC,PYPL,PNR,PBCT,PEP,PKI,PRGO,PFE,PM,PSX,PNW,PXD,PNC,POOL,PPG,PPL,PFG,PG,PGR,PLD,PRU,PEG,PSA,PHM,PVH,QRVO,PWR,QCOM,DGX,RL,RJF,RTX,O,REG,REGN,RF,RSG,RMD,RHI,ROK,ROL,ROP,ROST,RCL,SPGI,CRM,SBAC,SLB,STX,SEE,SRE,NOW,SHW,SPG,SWKS,SLG,SNA,SO,LUV,SWK,SBUX,STT,STE,SYK,SIVB,SYF,SNPS,SYY,TMUS,TROW,TTWO,TPR,TGT,TEL,FTI,TDY,TFX,TER,TSLA,TXN,TXT,TMO,TIF,TJX,TSCO,TT,TDG,TRV,TFC,TWTR,TYL,TSN,UDR,ULTA,USB,UAA,UA,UNP,UAL,UNH,UPS,URI,UHS,UNM,VLO,VAR,VTR,VRSN,VRSK,VZ,VRTX,VFC,VIAC,VTRS,V,VNT,VNO,VMC,WRB,WAB,WMT,WBA,DIS,WM,WAT,WEC,WFC,WELL,WST,WDC,WU,WRK,WY,WHR,WMB,WLTW,WYNN,XEL,XRX,XLNX,XYL,YUM,ZBRA,ZBH,ZION,ZTS
2020-11-17 00:00:00+00:00,173.64,113.06,99.21,269.93,243.82,77.11,467.95,83.36,149.3,21.35,43.0,109.86,266.29,102.45,47.46,127.95,165.29,127.69,451.38,115.46,54.73,99.37,1761.66,1770.15,41.19,3135.66,11.93,80.6,12.7,86.73,116.48,38.42,239.18,159.29,184.23,104.89,118.76,232.44,127.06,135.87,319.79,329.84,207.19,56.38,11.44,119.39,74.37,114.44,50.16,277.78,117.08,138.59,29.03,100.05,252.71,176.15,1124.21,174.12,149.44,19.26,97.14,27.55,39.44,80.78,242.41,119.02,592.57,248.81,667.49,210.05,2081.25,38.0,98.46,35.03,64.32,380.6,147.28,93.55,17.18,113.48,49.38,87.76,54.68,94.73,18.05,40.36,104.97,171.91,86.8,60.49,136.78,132.41,67.28,25.17,74.77,32.22,48.9,641.51,87.04,1268.48,150.03,87.21,214.81,79.705,361.41,41.88,50.73,33.07,119.68,209.1,168.07,63.83,53.68,77.0,85.35,49.78,52.01,35.74,56.23,38.85,79.25,205.05,332.45,116.19,36.48,37.02,371.92,166.34,92.5,231.08,67.14,73.47,229.35,108.53,113.39,258.21,37.6,48.9,13.11,334.35,37.31,142.42,77.1,24.3,22.0,34.05,208.75,93.82,84.17,384.47,125.41,54.48,132.84,92.92,39.85,63.16,22.05,97.01,116.07,48.33,212.27,65.6,85.18,118.52,76.39,111.96,45.67,171.95,751.18,62.5,260.0,256.95,128.82,56.57,91.75,238.39,43.07,123.03,89.9,117.87,38.67,162.09,275.0,47.255,91.31,285.05,146.97,26.05,28.74,134.47,109.95,267.99,37.23,33.6,115.69,8.75,118.42,71.65,83.39,28.16,27.65,21.48,21.03,24.56,117.33,158.71,151.47,9.68,61.28,41.98,98.48,60.97,93.79,189.83,224.65,410.46,15.81,13.53,46.43,91.89,153.03,30.81,64.61,152.93,47.31,10.48,103.34,23.61,72.0,272.47,205.33,51.33,14.14,23.5,20.5,422.23,12.02,162.82,197.19,455.85,92.29,209.87,297.95,82.98,44.64,45.53,100.03,117.7,50.09,21.9,114.51,358.75,749.15,16.3,199.32,172.21,25.9,158.85,105.3,133.04,118.43,149.35,44.71,116.11,22.21,191.57,66.32,15.67,117.56,143.83,15.07,14.03,241.84,31.59,31.9,35.45,198.43,204.77,431.93,74.5,57.5,42.76,100.28,75.71,141.2,43.1,252.14,68.78,36.49,375.9,43.67,159.86,10.14,81.03,124.97,5.5,40.61,514.09,122.78,114.24,269.33,55.72,336.5,91.33,80.76,216.01,173.64,110.14,81.5,46.01,1193.36,26.42,127.37,61.99,214.46,130.91,131.15,45.13,58.54,85.54,274.69,58.81,18.96,169.57,403.64,124.33,12.2,51.4,480.63,20.17,64.53,17.685,17.81,76.61,16.65,132.21,24.75,245.64,93.79,312.63,18.89,22.06,31.89,53.86,536.89,4277.26,450.33,12.99,205.93,61.84,33.31,57.12,67.2,88.12,135.58,263.12,92.5,381.66,192.3,52.89,13.15,145.24,133.0,48.62,36.04,78.38,64.34,86.78,95.91,126.89,329.45,143.27,29.53,48.99,141.88,94.93,104.2,75.42,59.05,234.54,43.01,78.94,148.44,67.39,148.74,123.94,84.1,89.43,68.87,62.82,48.27,538.15,15.62,101.26,214.15,65.53,241.32,38.6666666666667,405.65,110.46,75.34,336.66,256.17,298.78,20.09,55.51,44.62,134.06,513.1,731.08,78.96,140.78,60.26,172.58,62.36,45.66,184.53,98.6,70.56,195.21,231.44,348.34,30.57,221.2,74.23,129.0,141.53,162.2,28.46,163.04,111.18,8.07,394.17,375.5,105.91,441.61,155.5,45.6,479.0,131.46,61.14,131.68,148.79,577.97,135.04,48.17,42.85,413.67,63.78,40.28,276.2,44.03,16.1,14.17,205.85,40.6,352.1,168.88,214.62,133.27,21.4,54.15,173.62,50.49,194.51,205.28,60.75,222.96,85.11,32.29,16.34,210.71,30.64,41.49,140.54,70.11,71.39,149.37,39.855,144.5,121.3,231.19,100.18,25.04,65.95,286.79,42.72,21.83,43.61,29.18,191.07,20.83,210.13,94.23,72.63,22.16,130.41,95.95,104.04,340.79,150.15,39.6,165.43
2020-11-18 00:00:00+00:00,171.4,109.77,98.72,266.21,239.73,75.5,459.47,82.54,148.1,21.37,42.86,105.95,267.7,100.59,47.72,126.54,162.53,123.47,444.61,114.56,53.06,100.07,1740.64,1746.78,40.17,3105.46,11.84,79.06,12.74,84.13,114.24,38.55,237.7,156.19,183.33,103.44,119.24,227.76,125.8,133.23,317.99,322.38,203.36,56.49,11.04,118.03,75.71,115.05,49.27,272.03,115.45,135.62,28.62,96.17,252.22,173.16,1131.65,169.6,147.43,18.58,96.56,26.98,38.74,80.42,233.47,117.77,578.98,240.98,669.89,203.3,2044.6,38.36,96.12,34.26,62.01,380.62,145.77,92.88,16.74,111.03,49.04,85.61,53.32,92.82,17.59,39.39,103.14,172.74,88.66,58.13,135.73,133.21,65.96,23.75,72.92,32.45,47.7,642.44,84.28,1296.0,149.28,86.0,210.93,79.5,360.49,41.32,51.05,32.51,118.99,204.98,165.78,61.5,52.61,74.7,84.61,49.14,50.85,35.48,56.66,39.18,77.69,203.75,329.59,115.97,36.09,36.69,372.23,170.65,91.33,233.46,66.35,74.54,224.7,110.16,108.32,257.33,37.91,48.91,12.76,329.21,37.74,142.4,76.08,24.5,22.03,33.5,208.57,93.65,81.21,382.46,124.36,55.3,130.2,91.53,38.81,62.15,22.28,96.73,116.75,48.53,209.44,64.54,85.24,116.84,76.89,110.19,44.93,171.95,734.32,59.96,254.2,250.32,127.01,55.01,89.75,235.13,42.7,122.52,90.15,113.12,37.21,155.43,271.97,47.21,90.65,282.5,144.97,25.7,28.55,133.11,107.97,262.62,38.31,34.68,115.27,8.82,116.68,70.99,83.32,27.66,27.13,21.32,20.71,23.67,114.3,154.02,153.5,9.73,61.13,42.72,98.65,60.9,92.46,187.92,224.3,415.01,15.39,13.41,45.88,92.08,151.24,30.35,64.24,150.64,46.03,10.5,103.35,22.72,70.01,269.83,201.11,50.01,14.15,23.19,20.45,418.44,11.87,163.02,197.46,444.06,91.18,206.1,295.23,82.74,43.91,45.06,99.46,116.77,49.56,21.4,112.39,354.74,733.38,16.01,198.27,169.07,25.9,158.71,105.24,132.21,115.77,147.37,45.96,115.25,21.85,188.55,65.02,15.51,115.14,141.06,14.55,13.76,240.34,31.63,32.04,33.61,196.35,199.03,430.33,73.24,57.33,42.56,99.53,76.48,140.17,43.92,250.3,67.09,35.66,377.56,43.07,146.74,9.94,82.2,121.89,5.49,38.54,512.26,120.34,112.0,269.36,55.03,335.94,91.095,79.26,215.52,176.53,109.47,80.25,45.71,1144.81,26.91,124.85,60.74,211.08,126.07,128.25,43.56,57.76,84.22,272.62,58.81,19.19,167.45,399.95,122.73,11.94,51.54,481.79,20.2,61.56,17.55,17.63,75.79,16.21,131.63,23.96,241.87,92.69,310.6,18.84,20.46,31.34,52.92,537.15,4290.27,454.53,12.87,204.5,59.7,32.31,56.25,66.63,89.14,131.89,265.04,91.9,380.27,190.12,52.45,12.98,143.38,128.67,48.19,36.32,77.47,60.75,84.72,94.61,129.3,322.44,142.8,29.25,48.99,139.7,94.45,101.4,75.77,57.82,229.96,43.73,78.67,144.37,67.58,147.05,122.27,81.74,89.08,69.51,61.19,47.12,519.04,15.41,99.98,211.07,65.37,245.5,38.426666666666705,408.37,111.3,74.13,336.48,257.16,298.52,19.97,55.24,44.17,133.04,507.12,723.61,76.61,137.56,57.22,171.21,61.78,45.6,184.27,97.91,69.18,191.94,231.76,347.5,30.08,218.19,71.68,127.85,139.79,161.56,27.98,166.85,110.31,8.28,391.87,370.17,104.82,486.64,153.55,46.01,454.18,131.37,62.28,128.42,144.44,587.87,134.37,47.45,43.33,408.94,63.45,38.62,274.21,43.26,16.27,14.37,204.03,41.05,344.51,168.45,216.25,132.61,21.4,51.25,173.26,48.21,194.26,203.9,60.32,216.35,85.56,32.7,16.19,207.83,31.19,39.79,140.81,68.91,72.63,149.09,38.23,143.9,120.53,224.69,96.75,25.06,63.83,281.29,42.49,21.61,43.78,28.78,194.17,20.0,205.7,95.64,70.5,21.87,129.08,94.98,104.17,337.58,148.19,38.94,163.5
2020-11-19 00:00:00+00:00,171.61,111.0,99.67,270.61,243.2,75.93,466.41,85.54,146.08,20.88,43.72,108.68,270.36,101.5,48.49,125.8,163.74,122.05,441.35,114.13,52.47,100.37,1758.57,1763.92,40.06,3117.02,11.92,78.35,12.79,82.45,114.14,38.54,238.43,156.65,183.63,101.9,118.18,224.67,127.2,136.17,324.12,311.85,202.92,56.6,11.35,118.64,77.25,115.36,48.92,272.87,116.04,134.92,28.28,95.1,256.88,173.63,1133.76,170.3,147.03,18.31,97.91,26.98,38.49,78.88,232.9,118.83,574.38,244.01,673.48,205.67,2010.97,37.71,97.42,34.21,62.09,384.33,146.6,93.77,17.18,112.6,49.32,84.99,52.29,94.53,18.19,39.13,104.16,172.9,89.91,58.47,132.78,133.55,63.61,23.43,72.87,32.15,47.08,650.54,85.73,1310.46,147.37,86.2,204.74,78.35,367.89,41.17,52.14,32.81,120.77,202.47,165.93,60.58,53.13,76.2,85.38,49.48,50.93,36.19,57.24,39.47,77.1,204.21,332.23,113.83,36.33,36.96,373.54,168.09,91.7,233.14,66.06,75.1,225.83,109.8,107.63,255.59,37.91,48.87,13.56,330.64,39.44,143.0,76.76,25.025,22.525,33.96,211.21,94.55,79.76,385.04,124.68,55.34,129.66,91.7,38.69,62.05,22.03,96.51,118.12,49.78,210.93,63.62,85.24,120.14,77.24,108.97,45.46,173.61,730.59,59.86,254.15,241.92,134.5,53.69,88.19,233.83,42.35,123.96,90.28,112.62,37.4,160.2,272.94,47.58,90.79,279.85,147.7,25.88,29.04,132.24,113.02,260.28,37.59,34.05,115.32,8.82,117.03,71.33,85.11,27.71,27.27,20.85,21.11,24.4,114.29,152.27,149.99,9.66,62.0,42.82,98.0,60.63,93.35,190.55,224.57,422.86,16.0,13.56,46.24,91.75,150.85,30.6,63.5,149.4,47.07,10.49,102.8,22.88,70.01,270.93,202.72,49.99,14.45,23.57,20.5,407.17,11.95,162.21,196.07,457.19,92.45,206.89,299.0,81.69,44.2,45.62,100.9,117.18,49.23,21.59,111.95,361.44,733.95,15.96,201.0,169.55,25.79,161.52,105.15,133.78,117.05,147.14,45.71,115.56,21.94,189.06,65.21,15.62,117.96,141.74,14.98,14.4,243.75,31.88,32.76,39.55,195.76,198.77,437.68,71.6,58.56,43.25,100.34,76.3,143.41,44.62,253.07,66.91,35.33,376.46,42.82,149.6,9.82,82.23,120.46,5.69,39.08,534.22,121.11,114.48,269.55,55.24,333.88,91.62,81.18,215.11,171.94,111.0,80.39,45.51,1147.34,27.24,127.51,61.83,212.42,126.14,126.98,44.04,57.6,83.73,274.12,58.63,19.58,169.16,400.79,124.76,12.31,51.98,484.67,20.39,61.41,17.55,17.63,75.13,16.07,131.91,23.6,242.1,93.36,309.48,18.67,21.02,30.97,52.83,537.61,4215.53,451.39,13.36,205.53,59.39,33.3,56.45,66.16,89.34,129.8,268.84,92.08,392.64,190.9,53.27,12.86,143.32,130.81,48.81,36.19,77.51,61.45,83.55,96.63,130.3,338.65,143.22,29.23,48.93,139.53,94.27,99.99,75.79,57.62,228.79,43.63,78.78,146.86,68.22,147.53,122.81,80.59,89.2,71.11,61.11,47.76,514.71,15.46,99.91,211.76,62.32,250.14,39.1333333333333,409.48,110.2,74.44,338.63,264.65,297.76,20.46,55.92,44.8,130.25,514.33,728.73,80.63,139.36,57.95,171.72,61.07,46.08,186.51,97.76,69.27,194.73,233.57,354.67,30.05,221.28,71.99,129.19,139.53,165.58,28.4,171.37,111.34,8.48,390.82,372.27,106.47,499.27,157.27,45.45,453.1,131.53,61.56,131.25,146.79,590.65,133.87,46.9,43.62,414.38,62.34,38.8,274.86,43.24,16.69,14.69,204.55,40.94,337.0,166.48,217.0,133.95,21.44,51.21,173.68,48.62,197.44,205.72,60.21,211.97,84.96,33.43,18.11,207.57,30.72,39.84,140.11,66.86,72.35,152.12,37.85,141.72,120.58,226.35,95.55,26.16,65.2,281.22,42.61,21.53,42.59,29.02,192.56,20.16,204.49,98.75,69.35,21.91,132.96,94.37,105.27,358.39,146.53,38.39,166.31
2020-11-20 00:00:00+00:00,172.89,110.89,100.84,268.21,243.44,76.81,462.92,84.64,144.33,20.42,43.85,110.89,270.48,102.32,47.72,127.89,164.14,121.38,446.45,113.0,52.87,100.18,1736.38,1742.19,39.94,3099.4,11.93,78.45,12.53,82.49,112.58,38.61,232.66,157.71,179.8,100.46,117.42,223.17,127.39,134.88,318.26,305.62,198.67,56.06,11.44,117.34,76.725,114.32,48.61,268.5,115.55,133.89,28.32,95.67,254.89,171.27,1114.2,171.9,147.5,18.21,97.25,26.81,37.88,77.02,231.87,119.14,569.98,244.15,672.71,199.62,1992.77,37.56,98.38,33.7,61.61,383.33,144.92,92.59,17.07,112.79,48.98,83.58,51.86,94.55,17.37,38.54,103.33,172.23,89.94,58.3,131.95,131.91,62.96,23.46,73.25,33.5,46.61,655.41,85.79,1292.57,148.88,85.96,204.82,77.4,361.85,40.97,51.65,32.28,120.48,203.05,167.47,61.25,52.67,75.9,85.16,49.17,50.44,35.86,57.45,39.65,77.39,200.57,331.37,114.47,36.3,37.16,371.12,166.97,91.54,230.65,66.39,75.0,225.76,108.45,109.85,258.56,37.13,49.4,13.16,315.87,39.84,142.7,74.8,25.49,22.885,33.99,210.23,94.97,78.65,389.56,123.48,54.73,129.86,92.58,38.41,62.55,21.46,96.55,117.4,48.99,210.66,63.38,84.53,121.87,75.96,108.98,45.39,171.64,728.12,60.56,254.1,240.56,140.06,54.51,88.63,231.1,41.87,119.9,88.99,112.69,36.94,161.11,269.7,46.9,89.78,276.69,144.17,25.29,28.0,129.9,113.07,253.93,38.03,32.91,113.75,8.74,118.12,71.32,84.46,27.83,27.44,20.59,21.25,24.37,114.49,152.56,148.36,9.76,61.36,43.04,96.96,60.11,93.29,190.7,223.35,409.3,15.9,13.63,45.77,93.02,147.34,30.57,63.58,147.78,46.54,10.47,101.76,22.15,68.99,269.81,202.0,50.13,14.15,23.95,20.45,406.21,11.75,158.74,193.97,464.29,92.19,203.84,300.8,81.93,44.26,45.39,101.06,116.94,49.43,21.65,112.06,347.69,730.74,15.72,200.73,169.77,25.69,160.17,103.8,133.84,116.23,146.36,45.29,114.57,21.63,188.45,65.01,15.33,116.17,139.76,14.95,14.25,242.57,32.26,32.44,39.97,191.5,202.73,433.64,69.62,55.9,43.46,100.37,75.76,145.49,44.16,252.07,66.31,35.08,368.02,42.41,149.93,10.04,81.65,118.09,5.6,38.26,546.14,119.28,112.98,265.6,54.6,323.0,91.835,80.47,214.09,169.87,110.16,80.45,45.87,1147.6,26.21,130.98,61.4,210.39,126.18,127.15,43.56,57.14,83.52,272.94,57.81,19.61,167.3,400.3,126.33,12.31,51.89,488.24,20.37,61.65,17.52,17.56,75.55,15.75,132.98,23.9,240.8,91.39,306.42,18.27,19.99,30.54,52.55,523.51,4160.1,446.78,13.49,205.62,59.65,32.96,55.7,66.32,88.08,129.8,267.12,90.64,392.71,192.67,53.01,12.73,143.42,130.19,48.11,36.7,76.73,61.59,83.25,95.81,128.9,339.87,143.04,29.15,49.0,139.3,93.14,100.27,75.65,58.21,223.64,43.67,76.76,147.39,66.88,146.03,124.81,78.22,88.51,69.76,60.39,47.26,518.74,15.11,98.86,211.02,60.99,247.63,38.4133333333333,405.26,108.99,72.58,338.28,258.04,290.1,20.21,55.61,45.2,130.42,518.06,724.23,81.12,140.39,58.83,172.92,60.88,45.54,185.96,97.01,67.95,196.05,232.86,356.94,29.45,218.51,70.0,129.68,137.46,170.05,28.46,172.31,110.68,8.26,382.02,370.61,106.33,489.61,156.82,44.81,451.04,131.43,60.68,129.7,144.2,574.13,134.55,46.21,44.68,414.47,60.74,39.23,273.65,42.66,16.73,14.64,203.39,39.9,334.7,163.76,219.8,130.97,21.41,50.82,173.51,48.72,196.44,204.37,60.04,215.21,84.87,33.99,17.13,203.88,31.18,39.93,139.39,65.48,70.98,150.24,37.53,141.07,120.35,225.4,96.1,25.48,64.51,284.73,42.42,20.9,42.21,28.75,192.91,20.34,199.4,95.29,69.31,21.91,132.38,94.38,104.99,354.99,145.94,38.285,166.2
2020-11-23 00:00:00+00:00,174.14,109.27,102.18,266.43,246.2,75.92,460.61,85.31,145.56,20.46,44.45,112.21,275.26,102.81,49.72,134.06,163.97,122.61,476.58,114.16,52.75,101.31,1727.56,1734.86,40.2,3098.39,11.57,79.3,13.56,83.41,116.09,39.77,228.91,155.22,183.76,100.48,117.79,222.22,128.07,137.07,313.42,310.66,203.18,57.49,12.86,113.85,80.5,116.6,48.81,268.46,115.41,135.33,28.62,96.86,257.25,172.06,1113.41,171.05,147.48,19.26,95.44,27.39,38.55,75.77,228.48,122.04,554.98,243.38,682.87,211.53,2019.84,39.06,100.39,33.33,61.92,387.0,147.58,92.17,17.63,111.25,49.11,87.28,52.29,96.44,18.18,38.77,99.8,174.78,92.59,59.78,131.22,134.39,63.92,23.98,73.61,35.82,48.24,645.04,91.03,1281.0,149.03,85.27,206.94,77.63,358.27,41.64,53.3,33.25,120.16,202.31,168.78,61.44,52.68,77.2,84.54,49.81,51.95,35.7,61.97,42.71,77.57,201.58,329.89,113.15,36.63,37.79,371.71,166.36,92.06,235.22,66.78,77.28,221.08,109.58,110.02,261.11,38.79,50.46,14.48,321.09,44.49,139.97,78.12,26.5,23.79,35.13,211.04,97.61,79.05,387.21,123.43,55.94,130.41,93.33,38.44,63.59,22.19,100.0,120.26,49.9,213.92,64.15,84.7,121.86,77.81,109.72,50.38,172.59,711.46,60.33,252.47,239.7,140.2,54.97,87.79,233.73,41.57,122.8,88.78,110.89,39.36,162.2,268.43,47.51,93.07,286.35,145.32,26.01,27.71,130.73,112.1,254.66,38.95,34.45,116.06,8.86,117.08,71.68,86.11,28.53,28.04,21.26,21.91,26.06,114.66,152.61,150.02,10.07,61.02,44.77,97.12,59.89,94.63,192.15,228.83,414.85,17.32,14.01,46.34,92.62,149.4,30.51,63.71,146.83,49.94,11.07,105.05,24.36,68.07,271.4,204.58,50.03,14.71,24.32,21.19,409.29,12.18,165.11,193.38,459.79,93.66,208.77,301.85,81.39,44.48,46.06,102.36,120.09,50.01,22.09,111.28,343.33,719.05,16.33,203.0,170.56,26.16,159.99,104.51,133.83,116.05,143.87,45.65,117.87,21.91,186.24,63.67,15.66,117.15,139.22,15.61,14.62,250.24,32.6,33.03,39.98,194.1,198.37,448.74,70.07,56.69,43.71,102.38,78.23,143.38,46.59,252.14,68.3,35.85,370.85,43.53,153.67,10.47,85.17,118.84,6.17,41.22,519.91,123.09,113.28,266.89,55.2,332.04,91.5,81.75,217.0,173.48,110.97,80.28,47.17,1138.68,26.15,131.62,64.18,210.11,123.77,130.5,44.13,57.35,84.07,270.84,60.27,20.54,169.38,401.97,126.01,13.28,53.56,476.62,20.51,58.68,17.9,17.94,74.57,16.15,134.13,24.31,242.85,93.56,306.49,18.29,20.89,30.81,53.67,525.6,4194.58,442.09,15.76,202.24,61.1,35.18,56.08,67.25,88.86,131.47,271.91,91.97,402.49,200.82,53.27,12.99,143.02,127.82,47.75,36.52,76.63,65.84,84.48,104.5,133.65,334.13,144.78,29.99,50.64,138.76,92.93,99.56,76.84,58.42,219.13,45.19,81.1,149.2,68.91,143.82,125.61,83.34,90.48,72.64,60.89,48.46,523.61,15.39,97.78,209.57,65.41,251.78,38.0533333333333,405.72,108.18,75.78,337.12,257.64,286.27,21.61,56.92,44.7,131.04,522.11,734.13,85.41,138.03,60.65,176.03,60.45,46.81,190.94,96.88,70.56,189.09,233.01,348.81,30.63,216.0,71.31,127.88,139.37,171.19,28.87,177.56,112.97,8.86,383.86,373.14,108.32,521.85,157.42,46.47,446.03,131.48,61.8,133.88,145.92,594.94,134.63,46.98,44.94,413.52,63.13,39.67,282.87,43.09,16.54,14.5,207.39,40.93,335.06,166.6,226.31,131.23,22.4,56.09,173.5,48.79,196.57,198.12,60.23,217.87,86.55,34.62,16.77,208.16,31.8,41.02,138.85,65.22,73.55,150.93,37.98,145.98,120.11,228.49,95.8,26.3,63.68,275.72,44.48,21.34,43.12,29.11,198.68,21.28,203.92,95.48,68.36,22.59,133.3,94.7,105.0,362.69,146.24,39.56,164.34
2020-11-24 00:00:00+00:00,177.08,107.61,103.96,265.67,250.0,75.23,462.7,85.07,149.83,21.15,46.13,114.68,284.02,102.52,52.37,137.26,162.36,123.11,475.1,116.79,53.37,104.88,1763.9,1768.88,41.0,3118.06,11.8,79.07,14.82,84.82,120.39,40.98,228.06,153.2,192.67,103.1,121.25,220.46,131.25,136.89,320.12,313.94,207.93,57.96,14.04,115.17,82.95,121.66,50.56,272.31,116.42,136.08,29.23,100.28,258.97,175.27,1135.79,173.31,153.06,20.26,96.11,28.98,40.69,76.03,229.29,113.54,516.56,242.51,699.3,218.49,2103.45,40.47,104.43,33.79,63.22,392.23,146.94,94.42,18.03,110.74,49.37,91.36,53.97,96.04,20.23,39.37,94.66,176.9,92.02,61.46,136.82,137.44,63.39,24.36,74.37,38.65,49.79,650.44,95.62,1262.82,154.75,83.65,210.02,79.56,361.96,42.61,57.06,35.06,122.09,199.54,173.18,62.31,53.22,78.75,84.71,52.34,54.59,35.36,64.53,44.41,78.38,207.8,325.46,113.2,37.5,38.9,374.22,164.25,92.915,234.66,68.43,74.29,218.26,113.46,109.67,261.51,41.26,51.55,15.3,313.32,47.14,132.6,81.6,27.2,24.47,36.43,212.98,111.35,79.38,383.13,126.34,57.73,131.71,96.26,37.98,65.84,23.67,103.22,123.25,50.53,219.31,65.45,85.61,120.25,79.95,110.6,54.42,165.8,692.38,61.28,257.53,245.81,137.6,55.8,87.47,241.54,42.75,125.05,90.34,110.0,41.98,164.84,276.92,48.54,93.61,291.68,148.92,27.26,26.66,134.62,114.88,267.06,41.03,36.12,118.24,9.45,118.59,73.0,84.68,29.48,29.21,22.37,23.11,26.87,116.46,154.68,153.67,10.45,60.57,46.46,101.16,60.25,97.52,198.83,237.5,420.55,17.91,14.82,47.53,92.1,155.06,30.77,64.57,148.21,53.64,11.53,108.94,25.8,67.68,273.31,207.89,47.21,14.83,25.24,21.75,408.19,12.93,170.87,194.49,446.83,93.62,212.31,305.63,80.74,45.47,47.01,103.07,124.42,51.87,23.23,115.13,345.2,724.84,17.13,204.8,172.0,26.58,157.13,107.53,136.68,117.79,143.87,46.66,123.32,22.29,189.82,62.47,16.75,118.12,139.2,15.43,14.97,250.17,33.83,32.69,39.69,195.83,198.76,446.44,71.98,58.08,44.52,102.57,76.53,144.9,50.91,256.16,69.31,36.8,378.48,44.89,154.96,10.9,90.85,123.67,6.45,42.45,518.46,130.91,115.1,274.92,54.63,342.39,93.27,81.7,219.71,179.75,114.06,80.14,48.67,1126.96,28.45,133.56,63.95,213.86,125.88,134.86,47.04,57.82,84.19,271.58,63.6,23.18,171.87,399.64,127.27,14.0,55.36,482.88,21.46,56.87,18.17,18.18,74.98,16.61,134.7,24.94,242.52,97.61,309.98,18.22,22.55,31.78,56.42,518.31,4162.03,449.04,16.78,203.47,64.44,37.66,57.57,67.4,89.71,134.6,279.86,93.73,400.48,206.0,54.09,13.52,144.03,127.07,48.63,36.6,78.02,67.72,85.78,111.35,140.11,328.28,147.93,30.68,52.6,138.31,88.63,98.81,79.85,59.68,222.07,43.98,86.38,151.75,70.63,145.93,126.0,89.03,93.96,74.36,61.84,48.79,506.1,16.09,97.78,206.53,66.52,256.81,37.6866666666667,418.53,113.41,81.63,334.21,260.84,279.89,22.23,58.55,45.95,132.31,514.69,735.29,88.79,138.85,62.08,179.06,61.19,48.25,190.74,98.3,73.42,190.63,240.31,361.83,31.97,215.49,72.45,128.06,143.94,169.83,30.12,177.86,116.93,9.67,392.33,381.62,108.99,555.38,159.35,48.49,439.56,131.51,64.33,134.02,147.07,615.41,136.39,48.97,45.23,410.85,64.8,40.14,284.71,45.4,17.01,14.93,208.7,44.96,336.01,172.69,237.91,133.95,23.72,58.49,174.12,50.34,197.46,194.48,60.64,216.5,88.75,34.51,16.9,209.68,32.76,41.84,144.93,65.84,76.21,151.36,38.52,151.49,120.43,232.25,96.24,28.61,65.47,267.71,45.84,22.43,45.43,29.24,200.22,21.96,209.0,102.76,68.14,23.55,133.22,97.52,107.19,373.47,151.08,41.86,161.06
2020-11-25 00:00:00+00:00,177.12,106.41,104.2,263.82,249.33,76.51,470.08,86.71,149.4,20.98,45.61,114.35,278.12,103.74,52.47,134.73,162.58,122.93,473.69,115.21,53.51,103.95,1764.13,1771.43,40.38,3185.07,11.59,80.58,14.94,85.37,120.58,40.12,233.0,153.13,190.19,103.11,119.82,220.31,130.83,135.95,322.87,309.05,208.07,56.37,14.12,116.03,81.14,118.47,50.5,270.55,116.07,135.58,28.99,99.41,271.24,174.08,1129.6,171.05,151.56,19.78,96.3,29.03,40.37,75.39,227.47,113.9,523.23,241.75,703.61,217.61,2063.8,39.11,102.35,33.55,62.84,390.83,146.27,93.03,17.77,113.04,48.92,89.9,53.77,95.29,20.65,38.61,94.65,174.63,91.81,61.26,131.94,133.01,62.19,24.51,74.12,38.17,49.75,651.4,92.14,1276.68,152.53,85.58,207.01,78.53,360.49,42.5,57.06,34.7,121.41,200.75,174.79,62.7,52.93,78.55,84.75,51.8,53.3,35.76,63.37,43.63,78.66,204.7,329.01,114.76,37.3,38.58,377.75,164.96,92.24,230.39,67.63,76.06,217.22,110.58,109.6,256.43,41.29,51.32,15.12,312.55,45.39,135.75,79.29,27.3,24.41,36.16,217.0,111.73,79.41,383.44,124.12,56.43,132.24,96.15,38.71,64.89,23.56,99.84,122.19,50.45,218.03,63.71,84.21,121.51,78.26,112.25,53.0,166.0,693.54,60.45,254.4,246.85,145.09,56.18,88.43,237.49,42.22,123.18,90.3,111.99,40.81,164.75,275.59,47.79,91.04,288.3,147.97,26.68,26.56,132.96,114.98,269.69,39.97,35.2,116.68,9.08,119.86,71.87,84.86,29.3,28.96,22.32,23.54,21.6,116.37,153.87,152.04,10.5,60.0,45.46,98.95,59.5,96.65,197.01,236.54,414.58,17.86,14.5,46.58,92.14,153.62,30.51,64.13,148.15,52.58,11.24,106.3,25.24,68.23,273.96,207.68,46.87,14.73,24.55,22.25,401.04,12.69,165.53,191.67,446.48,92.3,211.1,303.98,81.16,44.81,47.05,103.93,124.2,51.07,23.11,112.4,350.47,726.37,17.03,202.25,169.87,26.93,157.87,106.35,135.85,118.0,143.68,46.41,122.03,22.04,189.6,63.26,16.51,118.52,140.7,15.27,14.85,248.95,32.54,32.32,38.95,194.98,196.46,446.78,73.26,56.54,44.85,102.64,77.04,144.75,50.19,253.34,68.29,36.22,378.34,44.37,154.88,10.77,89.33,122.3,6.43,41.48,514.35,129.22,115.23,272.68,54.16,341.32,92.795,81.38,219.34,179.5,113.31,80.06,47.76,1125.16,28.39,131.92,63.43,213.87,125.03,133.13,46.5,57.49,84.08,276.57,63.48,22.57,172.13,403.95,127.33,13.6,53.52,485.0,21.36,57.78,18.0,18.01,75.97,16.35,135.54,24.9,241.46,96.88,312.26,18.175,23.2,32.25,54.78,529.39,4110.76,444.14,16.72,202.91,64.17,37.54,57.41,67.38,88.12,131.75,274.1,93.12,407.17,214.46,52.19,13.21,144.16,127.5,47.93,36.53,76.89,66.26,86.52,109.96,140.65,333.59,146.69,29.39,52.0,138.68,89.4,99.01,78.73,59.97,223.3,44.61,84.72,148.24,69.69,144.08,124.33,88.03,93.49,73.81,62.9,47.59,508.31,15.75,97.44,206.03,65.83,256.43,37.293333333333294,418.47,110.92,80.08,338.04,246.82,282.61,22.1,58.34,45.22,131.96,519.22,731.25,87.19,135.95,60.68,174.96,60.89,48.27,186.4,98.2,72.24,189.29,233.72,354.58,31.38,217.02,71.68,128.74,145.04,173.98,29.69,179.82,114.93,9.06,388.16,373.66,108.34,574.0,157.6,47.2,448.45,131.58,62.8,133.9,144.97,603.85,136.02,48.51,46.43,414.89,64.99,39.76,279.54,44.68,16.86,14.82,207.24,45.64,333.19,170.5,230.46,133.25,23.18,56.43,174.11,49.23,198.72,195.62,60.41,218.1,87.57,34.82,17.07,210.89,33.66,40.62,144.02,64.96,74.09,151.83,39.07,149.09,119.64,226.74,96.0,28.59,65.26,269.2,45.26,22.58,44.06,29.13,200.12,21.62,209.44,100.4,68.11,23.38,135.56,96.69,106.61,372.73,149.68,40.95,160.19
2020-11-27 00:00:00+00:00,176.89,107.62,104.89,271.9,250.12,78.14,477.03,87.19,149.93,21.04,45.28,114.09,277.83,104.32,51.55,137.66,162.14,123.83,475.5,114.28,52.76,104.14,1787.02,1793.19,40.37,3195.34,11.48,78.99,14.98,84.92,120.59,39.71,234.09,153.73,190.75,103.2,119.77,224.81,131.95,137.75,330.41,312.8,206.58,57.08,13.92,116.59,82.66,121.86,50.45,272.56,115.86,133.79,29.03,96.82,272.81,175.25,1119.24,167.87,150.3,19.78,96.36,28.99,39.95,75.97,228.96,112.63,535.07,243.78,715.11,216.5,2052.67,39.5,102.43,33.6,63.05,394.95,147.4,92.72,17.77,116.58,48.98,87.76,53.78,95.37,21.58,37.81,97.4,175.08,91.71,61.13,132.23,133.68,63.17,24.07,74.1,38.77,49.7,642.8,91.31,1297.77,151.42,86.27,212.5,77.81,361.09,42.7,56.67,34.14,122.44,203.09,174.77,61.98,52.7,78.41,84.9,51.75,51.49,35.94,62.02,42.78,77.77,204.81,340.71,115.21,37.09,38.41,378.39,167.17,91.29,229.03,67.87,75.98,216.78,109.95,109.88,261.95,41.06,51.66,14.78,318.21,43.52,136.73,78.87,27.48,24.55,35.91,218.01,109.9,79.04,390.47,123.88,55.4,128.53,94.6,38.39,64.54,23.28,99.9,121.9,51.34,224.81,62.79,85.26,124.17,78.16,111.51,51.43,164.74,700.52,59.2,250.01,245.94,160.55,55.77,87.93,233.45,41.74,123.73,88.96,110.0,40.19,164.55,277.81,48.18,88.37,287.41,148.28,26.28,26.72,130.34,115.53,267.6,39.13,35.46,115.67,9.09,123.79,71.43,85.01,29.16,28.73,22.27,23.52,21.75,117.05,152.55,152.06,10.4,60.13,45.06,98.36,60.03,96.02,197.03,235.4,414.58,17.56,14.43,45.83,92.32,153.05,29.88,63.68,148.05,50.77,11.22,104.41,24.93,69.51,275.99,209.41,47.2,14.62,24.6,22.27,406.49,12.46,164.53,192.36,454.23,92.58,212.23,317.03,83.25,44.8,47.45,104.99,124.35,50.69,22.8,112.87,354.24,729.82,17.01,203.52,168.81,26.62,157.8,105.86,135.29,116.5,144.0,45.97,121.22,22.21,189.5,63.48,16.33,119.07,141.37,15.07,14.75,254.13,32.84,32.43,38.84,194.47,200.0,456.54,73.19,56.59,44.3,102.28,77.71,147.44,49.16,257.43,67.23,35.98,374.34,43.41,154.67,10.46,87.86,120.98,6.35,41.42,533.89,128.35,114.36,271.01,54.24,339.07,93.24,82.41,218.33,180.0,114.59,79.86,47.45,1126.68,28.62,133.01,64.23,215.23,124.0,130.55,46.8,57.46,84.15,277.22,63.84,22.68,173.46,402.25,127.12,13.15,53.26,491.36,21.07,58.48,17.71,17.81,75.13,16.24,134.25,24.51,242.72,96.14,306.03,18.11,23.68,32.51,55.07,530.45,4120.22,443.15,16.56,201.99,63.0,37.23,57.76,67.34,87.04,132.77,272.85,93.37,416.77,211.39,53.1,12.86,144.6,129.26,48.03,37.23,75.9,65.23,83.94,110.07,139.79,343.12,147.78,29.11,51.4,138.61,88.43,100.6,78.09,59.35,220.03,44.36,83.87,150.11,69.93,143.83,124.8,87.98,92.71,73.91,61.64,46.89,514.05,15.62,97.04,209.64,65.51,255.93,38.02,418.8,109.54,81.48,341.57,247.63,285.73,21.88,58.48,44.53,130.46,527.48,735.81,85.55,136.16,60.55,177.0,60.65,47.73,187.71,98.66,71.59,191.69,232.81,353.79,31.09,225.42,71.24,131.9,145.63,176.41,29.0,179.77,115.31,8.97,386.24,371.05,109.4,585.76,158.99,46.87,453.4,131.72,63.22,139.37,143.5,591.54,134.44,48.5,46.59,426.11,65.0,39.22,281.29,44.21,16.68,14.71,205.64,45.3,337.94,168.89,232.91,132.11,23.14,56.62,173.9,47.9,200.52,198.23,60.58,226.71,85.72,35.065,17.05,211.0,34.09,40.33,142.33,64.41,73.82,151.6,39.0,147.13,119.19,228.27,95.74,28.46,64.54,277.96,45.85,22.52,44.06,28.71,200.96,21.46,209.55,101.22,67.62,23.22,137.49,97.14,107.18,377.0,150.02,39.46,161.47
2020-11-30 00:00:00+00:00,172.73,108.22,104.58,274.1,249.09,79.48,478.47,92.66,147.7,20.44,43.93,116.9,280.14,103.51,50.97,135.97,163.73,122.11,481.29,114.04,52.6,102.35,1754.4,1760.74,39.83,3168.04,11.33,77.78,14.13,84.89,118.59,38.44,231.2,153.38,185.24,103.11,118.53,222.04,130.81,139.08,338.06,311.52,204.89,56.31,12.89,119.05,82.48,118.7,49.77,270.7,115.41,129.12,28.75,95.89,280.23,173.88,1137.65,166.59,149.34,18.72,96.01,28.16,39.12,76.07,234.84,108.8,538.5,240.17,698.35,210.71,2028.45,38.85,98.16,33.15,62.4,401.58,146.88,93.97,17.52,116.3,50.02,85.64,54.59,93.48,19.98,38.07,96.14,173.59,91.32,61.14,130.49,129.33,61.65,23.19,74.84,37.3,48.78,651.99,87.18,1289.43,147.83,87.77,209.14,76.35,355.3,43.02,55.07,32.66,123.92,202.96,175.03,61.54,51.6,78.13,85.64,50.24,49.2,36.56,57.48,39.56,76.25,205.84,335.22,115.45,37.42,38.32,381.77,167.57,90.05,231.17,67.79,74.5,224.63,107.98,109.85,261.62,40.25,50.89,13.99,319.68,39.96,134.75,76.17,26.91,24.02,35.87,218.58,109.24,78.49,392.57,122.03,53.01,125.81,92.66,38.06,63.44,21.91,97.4,121.11,50.43,222.15,61.36,83.89,127.75,76.82,108.85,46.88,166.9,697.79,57.92,245.88,245.32,160.7,55.41,87.51,227.33,41.07,124.49,89.37,112.73,38.13,162.81,276.97,49.05,87.22,286.58,148.41,25.34,26.56,129.56,115.18,265.21,38.24,34.08,116.01,9.08,123.23,70.13,83.5,28.84,28.38,21.99,23.39,20.96,116.76,152.0,149.35,10.18,60.82,43.84,98.37,60.67,93.1,195.19,230.58,418.3,16.59,14.2,44.2,93.03,150.11,28.86,64.31,147.89,47.18,11.04,103.63,23.39,69.13,277.41,203.92,47.18,14.03,23.46,21.93,400.52,12.08,160.19,193.15,460.98,99.46,211.09,322.09,84.54,44.27,48.35,105.51,123.52,49.48,22.28,112.1,352.02,726.05,16.23,207.01,168.99,27.5,160.86,107.84,135.28,117.2,144.68,46.04,117.88,21.77,186.17,63.91,15.46,120.04,139.31,14.44,14.38,251.97,32.94,33.0,38.81,191.99,199.84,452.66,72.38,55.71,43.1,100.7,75.86,145.65,47.22,256.42,65.65,35.22,365.0,41.91,155.82,10.45,85.1,116.49,5.92,38.88,539.18,126.87,114.64,265.63,53.67,336.51,93.49,83.04,217.44,179.91,113.7,80.39,46.17,1150.04,28.25,134.39,64.09,214.07,126.16,125.83,46.0,57.45,84.78,282.34,61.83,21.96,171.53,409.42,127.99,12.26,53.31,490.7,21.26,58.82,17.65,17.81,73.59,16.17,134.7,24.2,237.02,93.12,302.26,18.23,22.87,32.75,53.7,536.06,3997.18,442.44,15.76,203.36,63.0,35.87,57.72,66.94,86.36,130.0,267.26,93.15,417.08,214.12,51.82,12.4,144.23,133.0,48.22,38.31,75.75,60.58,81.85,100.58,138.07,346.11,146.77,28.42,49.79,138.87,87.11,100.05,75.62,58.28,224.46,43.63,79.49,156.68,68.34,147.17,123.98,85.75,90.95,71.72,59.97,45.58,516.03,15.27,96.72,209.6,64.18,255.56,38.12,427.0,107.52,78.81,351.78,245.8,287.18,20.79,58.81,45.06,127.48,534.55,747.63,82.57,141.17,57.9,175.85,59.85,46.34,184.31,98.02,70.48,193.81,233.4,344.86,30.47,227.5,71.29,132.94,143.41,180.51,28.32,179.53,113.97,8.31,377.94,382.75,110.34,567.6,161.25,45.1,464.98,131.48,63.51,140.81,146.24,579.19,129.65,46.42,46.51,427.6,65.2,38.47,275.4,43.21,16.57,14.55,204.08,45.05,336.34,171.07,226.98,130.58,22.23,53.77,173.98,47.91,200.72,198.31,60.41,227.75,83.4,35.28,16.82,210.35,33.17,38.91,139.65,65.13,73.3,152.79,38.01,148.01,119.13,232.01,94.95,27.35,62.98,275.16,44.88,22.56,42.21,29.04,194.61,20.98,208.19,100.5,67.36,21.89,145.55,95.97,105.8,378.42,149.12,38.59,160.38
2020-12-01 00:00:00+00:00,170.52,108.49,104.04,268.21,252.27,79.93,479.15,92.63,152.61,20.6,44.7,115.36,283.18,104.21,50.94,135.88,168.11,122.15,500.1,115.0,53.37,104.29,1795.36,1798.1,40.49,3220.08,11.53,78.51,14.27,85.21,119.93,39.31,235.83,154.3,190.25,102.19,117.24,225.08,131.61,140.73,340.85,313.9,210.69,55.06,12.37,122.72,84.27,122.21,50.11,273.0,116.71,131.36,28.87,96.64,279.11,174.67,1164.84,167.45,151.75,19.23,96.82,28.69,39.46,75.51,238.65,108.86,557.28,243.16,715.23,213.01,2052.67,38.71,99.83,33.65,62.41,404.57,148.45,93.83,17.38,115.65,50.25,89.7,54.03,96.14,20.15,37.6,95.77,173.26,93.45,61.64,132.02,130.32,62.87,22.83,75.37,37.5,50.02,662.25,87.45,1321.06,152.63,87.84,207.51,80.0,359.08,43.54,55.47,33.62,125.59,203.21,179.16,61.51,52.04,78.66,86.26,51.02,51.16,36.29,56.91,39.27,76.91,205.74,334.04,115.25,37.38,38.31,377.56,170.8,90.62,230.36,67.54,72.09,225.0,110.51,108.59,255.13,39.96,50.61,14.0,327.72,39.85,135.13,80.15,27.675,24.66,36.14,219.84,112.39,80.16,391.75,122.64,53.53,126.24,93.26,38.6,63.53,22.14,98.78,120.7,50.52,224.02,62.09,83.88,127.24,75.77,108.85,46.53,166.94,712.58,58.99,246.54,247.17,154.67,55.56,88.22,230.71,41.25,126.22,89.75,113.66,38.5,163.94,286.55,48.12,87.6,287.76,150.38,26.2,27.17,131.41,115.79,267.26,40.37,33.96,118.93,9.24,122.64,70.55,82.89,30.14,29.7,22.36,23.64,21.65,119.8,153.95,151.76,10.15,61.31,44.68,101.67,61.12,94.44,195.98,232.08,413.14,17.08,14.14,45.43,96.19,151.91,29.66,64.91,150.04,47.76,11.2,104.84,24.18,69.63,276.6,206.2,47.53,14.51,23.77,22.38,405.72,12.5,164.42,195.14,467.86,93.6,210.06,334.34,85.42,44.8,49.56,107.16,123.16,49.85,22.79,111.62,356.82,733.65,16.46,207.88,171.23,27.24,161.34,108.73,135.66,116.92,147.45,46.27,119.74,21.89,187.1,63.68,15.84,121.84,141.28,14.8,14.1,256.66,33.14,33.01,38.9,191.84,201.46,467.65,72.75,56.62,42.8,101.64,73.23,145.56,49.9,258.9,68.11,36.14,364.99,42.56,153.4,10.55,85.76,120.89,5.86,39.45,546.61,128.52,116.34,275.47,53.83,338.88,93.64,84.22,216.14,179.0,112.14,81.55,46.91,1160.09,28.81,136.97,67.08,216.21,124.59,126.73,46.25,58.46,86.68,279.2,63.28,21.76,170.5,414.5,129.91,12.7,54.16,504.58,21.44,60.21,18.07,18.25,74.15,16.13,135.44,24.49,238.75,93.27,301.1,18.23,22.94,33.36,54.93,535.6,3994.22,453.56,15.13,211.04,63.37,36.47,58.74,66.83,86.58,131.94,270.36,93.58,415.71,216.54,51.54,12.8,146.07,137.2,48.45,39.41,77.03,61.88,82.35,99.8,140.72,353.1,149.11,28.36,49.62,139.37,89.16,100.2,77.11,57.51,225.35,42.66,81.8,159.78,69.96,151.26,125.68,88.62,92.99,71.23,60.37,46.55,514.07,15.87,97.15,211.61,64.78,246.96,38.36,424.0,111.54,78.29,334.32,241.35,288.78,21.07,60.29,46.1,127.76,539.59,743.26,84.99,144.0,58.58,175.79,60.57,47.27,181.92,98.82,72.26,193.93,231.0,355.17,31.47,230.02,73.43,133.73,145.5,180.06,28.36,179.05,114.64,8.62,381.65,380.47,115.12,584.76,163.49,45.63,471.1,131.35,64.88,139.67,145.7,593.6,133.41,47.52,46.67,432.12,66.76,38.63,279.53,44.25,16.54,14.69,202.4,45.32,341.19,167.96,233.64,130.84,22.49,54.4,174.19,48.02,200.75,200.14,60.58,230.3,84.81,36.36,17.01,211.2,33.0,39.3,143.35,67.54,72.3,152.64,38.46,149.44,119.64,234.19,95.6,28.06,63.49,272.01,47.27,22.6,43.09,29.27,193.8,20.9,214.09,102.36,68.41,22.16,145.8,97.07,106.34,372.17,146.1,40.07,161.36
2020-12-02 00:00:00+00:00,171.85,108.15,104.99,265.25,249.66,79.15,481.26,93.74,148.45,21.16,45.31,114.57,273.88,103.46,51.29,135.25,165.97,122.75,505.48,113.54,53.82,103.68,1824.97,1827.95,40.02,3203.53,11.47,78.49,14.86,85.87,122.33,39.73,228.9,154.83,193.44,103.12,115.02,226.56,131.09,140.66,334.93,318.45,209.08,54.87,13.11,123.08,85.29,121.0,49.49,271.58,116.43,131.58,29.09,96.19,277.06,171.58,1152.22,169.28,150.84,19.67,94.0,29.06,39.99,76.35,241.87,107.47,549.6,246.92,718.36,223.85,2078.42,38.61,101.05,34.15,62.18,403.73,147.23,92.3,17.05,116.43,49.07,91.39,55.65,96.47,21.16,36.83,93.21,173.87,93.73,61.85,131.21,130.65,63.84,22.93,75.47,37.85,50.86,667.17,89.87,1297.0,153.18,86.26,212.01,79.93,360.91,43.89,57.2,34.36,127.31,201.71,181.88,61.79,52.11,78.12,85.74,51.05,52.02,35.17,58.14,39.97,77.03,204.99,334.61,113.3,37.8,38.27,383.5,166.84,90.68,227.18,69.63,69.27,224.8,109.63,108.36,259.0,41.07,53.36,14.8,333.2,40.52,132.16,81.69,28.37,25.24,36.98,217.54,111.63,80.28,387.83,122.29,53.2,128.75,93.87,37.73,63.96,22.34,98.18,118.92,51.35,219.14,62.19,84.47,129.54,75.9,108.61,47.82,164.61,690.62,60.36,248.7,245.32,154.62,56.1,88.15,232.39,41.57,127.87,88.64,111.42,39.94,164.26,287.52,47.58,89.96,291.72,148.59,26.59,27.32,131.68,115.52,263.81,40.02,33.55,118.16,9.2,122.88,69.65,80.18,30.6,30.05,22.49,24.08,20.92,118.48,154.1,153.35,10.43,60.22,44.58,96.98,61.13,95.13,195.38,237.65,407.32,17.61,14.06,45.46,93.93,152.6,29.5,66.49,149.25,49.11,11.52,106.75,26.23,70.86,271.1,208.0,46.97,14.895,24.26,22.82,405.75,12.83,163.17,189.88,462.59,92.55,205.02,340.82,82.27,44.33,49.9,106.56,124.62,49.86,23.2,112.51,355.49,751.28,16.76,207.69,170.04,27.44,159.98,106.89,135.03,114.87,148.14,45.89,122.04,21.64,189.37,62.72,15.95,121.88,138.34,15.08,14.34,256.32,32.78,32.29,38.67,191.54,198.84,479.22,72.63,57.61,42.68,103.1,71.2,145.16,51.35,251.0,69.9,35.84,361.36,42.57,151.81,10.5,85.92,123.01,6.06,40.58,540.78,128.72,116.02,273.46,51.82,340.22,91.42,84.22,210.86,180.85,113.6,81.83,47.71,1139.75,29.35,137.38,69.11,215.37,123.73,124.76,45.29,58.14,86.26,277.97,64.02,21.24,171.06,416.16,129.36,13.12,59.23,503.38,21.22,59.96,18.39,18.44,74.31,16.36,135.58,24.62,239.67,93.9,298.77,18.59,23.4,33.6,55.1,541.78,3899.1,442.41,15.89,204.83,63.67,37.47,59.08,65.69,86.45,131.98,270.11,92.82,419.6,212.56,51.38,12.93,144.62,138.58,47.96,40.8,78.07,64.43,82.89,101.53,141.38,339.13,147.11,28.53,50.86,138.36,89.2,97.52,78.68,57.7,224.52,41.55,83.29,159.55,68.57,149.98,124.38,88.92,94.7,71.94,60.78,47.53,505.13,16.17,95.75,209.26,64.79,246.69,36.7733333333333,418.01,111.58,80.64,333.28,220.78,284.48,21.64,61.2,45.65,131.43,526.52,715.65,87.25,143.45,59.95,176.02,61.88,47.44,178.62,98.91,74.06,192.8,234.26,353.15,32.33,224.72,72.75,133.14,146.51,181.3,28.48,176.41,115.86,9.05,385.82,380.38,113.96,568.82,162.72,46.13,478.89,131.33,65.0,136.77,144.34,594.84,134.04,47.56,47.23,418.17,66.1,39.38,282.0,44.68,16.32,14.51,203.56,46.73,347.56,168.83,231.4,132.01,22.81,58.07,174.26,47.68,200.24,195.99,61.36,226.7,85.48,36.37,17.125,210.18,33.09,39.72,140.84,67.28,72.58,150.52,39.84,153.61,117.13,235.12,95.76,28.87,62.48,275.39,47.72,22.32,43.47,28.89,183.78,21.65,212.49,105.13,68.68,22.66,147.11,96.14,104.98,367.21,147.85,41.6,158.95
2020-12-03 00:00:00+00:00,171.83,107.53,104.74,266.84,249.93,78.79,484.28,92.31,150.14,21.16,45.69,113.58,267.25,104.09,53.01,131.72,167.73,121.06,511.0,113.77,53.36,103.83,1821.84,1826.77,40.42,3186.73,11.44,77.91,16.09,84.74,123.12,39.84,226.22,152.48,194.71,101.5,114.43,226.91,131.7,139.75,337.54,323.03,210.18,54.96,13.74,122.94,86.1,121.16,49.81,269.69,115.77,132.18,29.23,96.52,277.29,172.09,1154.01,171.13,149.87,20.42,92.64,28.91,40.12,76.32,238.51,106.54,553.27,244.09,715.42,237.2,2096.63,38.69,103.33,33.81,61.78,399.8,148.01,92.53,15.92,116.68,48.74,91.28,55.43,96.27,22.88,36.69,93.47,174.63,93.19,63.78,131.25,129.7,63.68,22.79,73.89,38.13,51.07,670.43,89.8,1308.76,153.99,86.59,213.39,81.7,359.69,44.11,56.58,34.59,127.87,201.23,181.71,60.95,52.78,78.76,85.19,51.59,52.77,35.38,60.02,41.2,75.91,209.78,337.98,115.0,37.12,38.21,374.05,167.44,90.43,220.34,72.52,72.34,223.34,112.79,105.42,252.68,42.95,52.15,15.31,344.63,41.91,133.65,80.84,28.24,25.12,37.17,214.49,112.12,78.4,383.38,121.14,53.6,126.83,92.35,37.8,64.19,23.76,98.15,116.73,50.29,219.75,61.54,83.65,128.38,75.48,106.64,48.17,165.25,692.65,61.95,248.85,245.46,154.74,55.5,86.81,232.57,41.05,127.35,88.7,113.5,40.21,162.55,281.85,47.37,91.81,292.7,147.28,26.83,27.9,129.81,116.05,262.23,40.52,33.78,118.38,9.21,126.09,68.83,81.78,30.32,29.77,22.96,24.39,21.2,119.24,152.7,153.88,10.6,60.44,44.09,97.26,60.86,94.95,195.75,235.47,402.68,18.02,14.39,45.84,92.66,152.75,30.07,66.47,149.83,51.0,11.61,109.16,26.89,72.49,268.14,208.22,47.24,15.11,25.05,23.24,403.83,12.98,163.73,190.26,460.07,90.61,203.45,346.0,82.9,44.46,50.99,107.46,123.61,48.24,23.69,112.64,363.7,758.72,17.8,206.97,167.63,28.09,158.01,107.79,134.38,116.48,149.0,45.73,121.24,21.63,189.1,63.0,15.96,122.64,137.82,15.19,14.49,257.39,33.45,30.88,38.35,192.7,196.64,484.07,75.66,58.66,44.27,102.89,75.42,144.11,52.21,246.2,69.22,36.18,362.03,42.62,151.97,10.51,85.63,124.83,6.19,40.99,555.63,132.32,116.54,281.15,52.06,335.14,92.65,84.01,211.51,179.16,112.47,81.45,47.71,1132.0,29.91,138.51,69.9,214.24,123.65,132.28,46.67,58.56,86.52,279.88,64.06,21.23,171.12,419.3,124.9,13.43,58.49,497.52,21.77,59.51,18.57,18.57,73.35,17.24,136.96,24.36,237.15,92.99,303.43,19.1,25.42,33.1,54.8,535.84,4000.0,446.5,16.39,207.01,65.06,38.49,59.27,65.49,85.55,131.54,269.12,93.3,428.48,214.54,50.92,12.89,144.45,138.02,48.33,40.09,78.5,65.02,81.4,105.35,141.25,330.24,145.43,28.46,51.36,137.34,88.3,97.1,78.87,57.63,226.04,43.17,88.14,159.13,69.37,149.91,122.82,96.66,94.35,73.29,61.09,48.36,498.84,16.03,94.75,207.4,64.69,245.24,36.7666666666667,409.21,113.06,84.4,326.61,220.97,286.4,22.07,62.34,44.79,132.01,525.24,708.05,89.63,143.71,62.19,177.45,61.88,47.82,179.02,100.11,73.88,192.69,234.78,356.47,32.35,234.47,74.68,131.19,150.07,180.76,29.27,174.92,117.97,9.37,383.63,377.99,113.74,593.38,161.98,47.32,477.2,131.39,65.91,134.8,141.72,598.64,135.09,47.41,47.79,417.53,69.13,40.0,289.53,44.97,17.0,14.97,202.26,49.91,348.68,167.83,236.95,132.4,23.41,57.91,174.41,48.82,200.81,193.85,61.74,226.87,86.22,36.585,17.37,208.05,33.18,40.29,144.57,66.95,73.13,149.3,42.82,153.24,117.14,232.59,94.38,29.16,63.19,272.24,48.48,21.93,42.86,29.49,186.89,21.56,212.82,108.49,67.31,22.72,144.39,96.75,104.52,372.37,146.31,42.42,157.07
2020-12-04 00:00:00+00:00,172.46,107.9,107.28,272.61,253.44,80.88,486.0,94.04,152.47,21.07,46.29,115.15,273.76,104.19,52.94,139.22,170.94,120.51,521.72,114.54,52.88,104.36,1823.76,1827.99,41.37,3162.58,11.54,77.08,16.4,83.39,125.04,40.69,228.67,148.9,196.28,102.98,116.84,229.21,132.91,143.97,343.47,323.27,211.6,55.06,15.18,122.25,88.84,123.35,50.57,270.11,116.02,132.58,29.54,97.27,278.0,174.79,1162.63,173.84,154.04,21.79,94.16,29.29,40.65,78.0,242.76,105.57,559.4,245.87,703.47,232.71,2125.03,39.87,105.32,34.41,62.31,411.68,149.22,92.93,16.44,118.34,48.5,92.24,56.99,96.5,23.45,37.7,95.4,182.21,93.16,65.74,133.5,132.64,64.6,22.86,74.29,39.57,50.99,670.74,93.28,1334.62,155.42,86.34,217.65,82.96,363.47,44.38,58.62,35.43,130.53,199.98,184.03,59.77,53.85,81.06,85.03,51.69,54.17,35.49,64.44,44.27,75.31,213.79,345.71,112.09,37.95,38.65,373.43,163.5,91.85,219.93,74.5,71.27,224.43,114.82,109.3,253.39,42.36,53.75,16.72,348.03,47.22,135.47,82.7,28.48,25.22,36.44,213.43,112.51,75.88,382.99,123.54,55.05,125.93,91.15,38.56,66.02,24.95,102.39,118.82,50.97,225.61,61.83,85.76,128.69,80.1,106.73,53.0,166.5,708.33,63.37,252.73,244.12,155.03,54.92,85.54,234.64,40.93,128.58,90.06,114.35,41.68,166.07,279.7,48.05,93.1,294.88,149.86,27.4,28.95,129.49,117.13,268.05,41.21,35.58,121.69,9.34,127.8,71.28,80.98,29.84,29.255,23.71,25.06,21.47,121.34,154.92,156.04,10.88,60.44,44.4,98.25,61.56,96.46,200.07,239.58,404.77,19.43,14.09,46.49,91.07,157.68,30.59,68.42,150.87,54.39,12.34,110.85,28.55,73.155,263.99,212.68,47.38,15.65,25.37,23.78,412.78,13.11,167.69,192.78,457.15,93.64,205.13,350.66,83.14,45.19,51.985,109.23,127.2,48.87,23.96,116.0,368.6,780.34,17.79,212.07,170.61,29.16,158.48,108.96,137.24,117.35,150.27,45.89,122.34,21.98,194.2,62.37,16.12,123.21,137.4,15.61,14.93,263.7,34.12,30.58,38.25,195.04,198.85,499.98,76.38,60.11,44.64,104.81,73.88,148.45,54.73,250.62,70.0,37.09,366.61,43.35,150.0,10.56,89.26,128.02,6.85,42.91,539.17,135.61,117.32,284.94,51.59,344.35,93.95,86.41,210.74,180.76,113.85,81.94,48.47,1131.75,30.72,144.24,73.34,214.36,125.13,132.85,47.54,59.03,87.44,285.66,65.0,22.78,170.4,421.71,125.3,14.55,59.99,498.31,22.03,59.44,18.675,18.67,72.52,17.96,137.19,24.0,240.19,94.81,307.23,19.27,26.3,34.52,56.42,542.33,3999.99,450.0,18.59,209.25,64.99,40.63,59.96,65.16,86.0,133.17,275.74,94.47,437.15,217.77,51.18,13.23,145.85,141.78,49.87,40.34,80.75,69.32,82.41,114.06,142.53,324.27,146.93,28.61,52.28,137.47,89.52,98.66,81.29,57.63,224.5,42.06,91.53,165.35,70.73,157.62,123.29,96.21,95.83,73.91,61.26,49.08,492.45,16.17,95.67,209.69,65.97,247.96,37.033333333333296,417.95,115.24,82.73,339.45,225.86,286.45,23.45,64.07,45.94,128.17,525.7,705.91,93.91,150.17,63.9,181.13,61.52,47.59,180.85,102.28,76.38,193.49,239.59,358.32,32.97,236.88,78.12,131.8,152.53,180.73,29.35,175.03,119.66,10.27,392.79,386.97,116.03,599.04,166.52,47.8,474.62,131.26,66.63,134.38,141.85,605.67,136.16,48.23,47.73,420.44,70.1,40.68,279.54,45.37,16.83,14.83,206.05,49.24,349.89,167.25,245.62,135.18,24.26,61.27,174.66,49.46,203.99,195.68,61.55,228.32,89.15,36.95,17.6,212.68,33.07,41.63,146.44,67.59,75.53,148.91,43.41,154.14,117.54,237.74,93.29,29.55,64.2,271.55,51.75,21.7,44.48,30.72,184.07,22.49,214.49,113.5,65.75,23.35,147.91,98.41,105.86,378.47,149.05,44.015,157.95
2020-12-07 00:00:00+00:00,170.15,107.18,105.84,271.88,249.3,82.27,492.25,94.07,153.68,20.87,45.17,114.4,269.18,102.78,51.01,140.0,171.04,118.83,517.71,112.21,53.335,103.41,1817.03,1819.48,41.69,3158.0,11.35,78.2,17.21,83.84,123.94,39.79,224.27,150.32,194.44,99.49,117.61,226.45,132.43,143.71,341.89,319.24,207.2,55.31,14.61,123.75,89.14,123.46,50.04,275.61,116.0,131.33,29.64,97.25,280.8,174.57,1157.18,172.68,154.18,22.02,95.5,29.09,40.34,77.77,236.45,102.73,560.55,243.68,709.49,238.17,2128.78,39.22,102.95,34.25,61.2,420.89,146.15,93.22,16.53,119.02,48.31,92.97,55.4,96.06,23.2,36.84,93.43,178.71,93.52,66.28,132.94,129.78,64.57,23.14,72.84,38.27,50.76,680.76,90.76,1347.1,152.34,86.76,218.59,80.18,353.14,44.35,58.13,35.31,131.37,200.61,183.18,60.7,52.99,80.53,85.39,51.93,53.2,35.37,62.35,42.82,74.84,212.04,342.06,114.61,37.58,37.94,373.33,162.45,92.035,219.09,73.63,73.8,226.15,112.12,108.46,252.01,42.35,53.6,15.95,337.4,45.64,135.23,82.45,28.8,25.42,36.7,213.36,111.95,76.14,384.55,122.24,53.21,124.85,91.87,38.63,65.43,24.19,101.72,117.4,50.03,222.74,61.94,86.06,130.84,79.17,106.61,51.57,170.83,697.55,62.71,253.0,245.76,156.93,55.12,86.74,230.32,41.195,126.52,89.75,115.0,40.9,168.57,285.58,48.68,90.3,297.04,150.56,27.38,29.47,130.13,116.93,273.62,40.9,35.33,118.83,9.22,128.08,69.39,83.07,29.68,29.31,23.57,24.58,21.27,121.3,155.54,153.0,10.86,59.74,44.31,98.25,60.83,94.88,199.23,238.45,405.0,18.97,13.95,45.54,89.57,155.37,30.74,68.73,149.72,52.53,12.08,109.83,27.42,73.18,262.64,211.1,47.15,15.17,25.58,23.68,403.74,13.01,170.04,190.92,459.36,92.82,202.73,342.82,83.06,44.33,50.2,110.28,124.7,48.67,23.84,114.91,372.19,764.39,18.02,213.99,170.07,29.48,158.49,109.85,138.52,117.06,148.97,45.25,121.88,22.11,195.25,61.95,15.87,124.91,136.92,15.1,14.8,266.7,33.6,30.95,40.24,191.63,197.33,508.68,76.6,58.94,44.13,103.5,76.33,147.42,53.18,249.78,69.93,37.09,362.13,42.76,151.99,9.86,87.11,127.2,6.69,42.21,569.94,132.96,116.06,284.94,52.63,340.96,92.64,86.28,208.89,178.26,112.61,82.51,47.58,1125.15,29.83,144.99,72.61,214.29,125.32,134.6,47.66,58.41,87.17,283.1,64.26,22.05,170.46,422.82,128.56,14.02,60.37,515.78,21.595,61.44,18.5,18.47,73.27,17.25,138.75,23.92,239.06,94.42,301.0,19.71,26.5,33.88,55.94,544.27,4000.0,448.62,18.19,208.08,64.3,40.31,59.8,64.85,85.61,134.93,271.54,93.55,437.0,217.93,50.85,13.34,145.37,143.89,48.74,41.25,81.68,67.05,82.58,110.28,141.81,332.59,144.9,28.85,50.71,137.68,90.25,97.53,79.98,57.53,224.68,43.62,92.26,166.94,71.51,158.02,122.9,95.49,94.51,73.04,60.75,48.08,495.41,15.97,94.85,209.21,64.53,245.13,37.34,418.98,113.6,81.62,336.24,227.7,283.79,22.83,63.22,44.88,128.23,533.25,710.08,89.37,153.42,62.43,179.85,61.73,47.89,178.45,101.41,75.96,187.63,236.8,354.96,32.57,239.17,75.87,132.96,151.3,183.39,29.74,172.91,118.65,9.78,390.74,382.86,117.16,641.76,166.29,47.7,472.89,131.27,65.88,137.22,141.12,601.01,133.9,47.86,47.9,436.75,68.7,40.61,273.26,44.8,17.06,15.0,204.99,49.2,347.86,167.47,246.48,131.02,23.7,59.46,174.68,49.09,205.26,194.45,61.35,227.06,88.3,36.82,17.57,212.65,32.51,40.58,146.08,65.21,75.68,148.11,42.43,153.68,116.77,236.49,93.65,29.34,65.72,268.06,51.14,21.73,44.52,30.23,188.85,21.6,209.45,111.32,66.61,22.98,148.27,98.2,105.24,373.83,145.57,42.91,158.45
2020-12-08 00:00:00+00:00,172.46,106.8,107.69,273.64,249.86,83.63,495.28,92.92,152.78,21.19,45.24,117.01,268.23,104.1,50.97,143.95,170.79,119.22,515.76,113.12,52.76,105.45,1811.33,1818.55,42.23,3177.29,11.54,77.26,17.63,83.49,123.52,39.52,223.61,149.35,192.51,100.43,118.57,228.94,133.24,146.13,341.28,322.69,209.59,56.09,14.76,124.38,89.75,123.07,50.36,283.7,116.9,131.93,30.81,97.59,284.38,174.53,1095.99,169.35,155.31,22.42,95.89,28.93,40.78,77.93,240.24,102.99,559.27,246.43,713.92,236.57,2086.65,39.35,101.46,33.97,61.12,423.41,147.23,94.28,16.42,118.41,48.26,92.64,56.47,94.38,23.57,37.3,94.25,178.84,91.36,66.75,132.94,130.55,65.01,22.5,74.15,38.52,50.55,663.37,91.54,1346.0,152.4,87.09,218.67,81.26,359.76,44.37,58.36,35.59,130.88,202.88,183.38,60.2,53.18,79.87,85.17,51.41,52.63,35.7,62.18,42.68,74.56,213.01,345.74,115.56,37.93,38.42,377.6,161.33,91.5,221.04,73.86,70.83,223.5,111.65,110.38,252.6,42.41,54.28,15.97,348.16,46.14,133.37,81.95,28.09,24.83,36.35,211.37,109.46,74.75,386.69,121.93,54.55,124.63,91.51,38.52,66.81,24.24,103.17,117.86,49.89,224.41,61.89,85.4,132.15,81.34,105.29,52.15,184.23,695.28,62.39,252.49,248.48,163.97,55.46,86.38,234.74,41.32,126.28,90.06,113.58,42.24,170.0,283.4,49.095,89.66,301.45,151.18,27.26,30.26,130.13,117.99,268.31,41.3,35.9,119.78,9.25,131.66,68.4,82.93,29.255,28.895,23.96,24.47,21.49,122.85,153.62,153.57,10.96,60.4,43.8,96.65,61.17,94.55,198.58,238.84,406.67,19.76,14.01,46.2,89.72,159.19,30.88,70.45,150.63,52.75,12.1,109.05,27.07,72.77,261.72,212.07,47.48,15.14,25.45,23.52,409.28,12.9,171.59,194.08,460.69,92.08,206.29,342.72,82.85,44.54,50.69,110.06,125.71,49.09,23.66,115.43,372.59,765.35,18.07,215.66,171.29,30.15,160.0,109.6,139.62,117.53,151.55,45.26,122.0,21.74,195.49,62.55,15.96,127.13,136.57,14.82,14.76,266.94,34.34,31.3,40.96,189.25,202.1,511.66,77.5,58.58,42.5,103.95,72.5,149.3,53.06,249.24,69.89,36.96,359.23,43.37,151.24,10.29,87.89,126.15,7.07,42.45,566.01,132.55,116.7,282.83,52.13,340.79,93.44,87.66,208.39,180.42,111.18,83.18,47.52,1161.33,29.89,144.75,73.19,216.01,123.93,132.77,47.93,58.29,88.2,278.81,63.91,22.38,172.48,426.4,128.65,14.35,60.55,512.66,21.02,61.51,18.38,18.44,73.68,17.52,139.12,23.21,238.67,94.63,301.96,19.29,28.15,34.01,56.54,534.0,3929.78,440.0,19.13,210.14,64.65,40.79,59.03,66.11,85.71,137.07,274.24,93.33,440.01,216.94,51.12,13.15,145.52,147.91,48.73,42.56,82.64,67.39,81.82,114.27,141.43,339.12,144.88,29.05,50.77,138.05,92.84,96.91,80.25,57.23,221.88,42.04,91.68,169.96,71.73,158.8,124.09,97.15,92.93,74.48,60.4,47.73,497.14,15.95,94.68,212.11,64.98,249.6,37.6666666666667,419.14,113.47,82.83,333.7,227.86,280.85,23.23,63.855,44.68,129.3,542.25,719.26,90.11,155.79,61.7,180.92,61.0,47.28,177.22,101.21,75.84,189.09,235.45,354.26,32.39,238.76,76.72,133.15,153.17,183.6,29.5,172.72,118.99,9.87,395.36,382.96,118.67,649.88,166.68,48.16,473.98,131.3,65.42,136.56,139.96,602.1,135.26,47.71,47.43,447.44,68.41,40.18,272.0,44.98,17.24,15.21,205.21,49.04,347.86,166.39,243.0,132.67,23.57,58.98,174.61,49.11,206.92,194.93,61.45,229.83,89.26,36.65,17.84,212.77,32.0,40.03,144.45,65.11,76.51,149.45,41.99,153.72,116.75,239.23,93.43,28.94,64.95,267.28,52.42,21.8,45.11,30.8,185.15,22.1,210.86,111.31,66.04,22.86,146.19,98.63,105.15,375.84,146.57,42.96,158.99
2020-12-09 00:00:00+00:00,175.29,106.32,108.67,266.15,246.77,82.58,483.74,89.83,157.95,20.85,45.12,116.4,270.57,104.43,50.36,142.55,171.26,117.74,509.01,111.36,52.295,105.19,1777.86,1784.13,42.98,3104.2,11.61,77.8,17.16,83.6,121.69,39.94,219.44,148.47,193.24,101.11,118.76,229.85,133.62,141.78,334.55,318.44,207.05,57.67,15.02,121.78,87.82,123.73,49.84,277.59,117.48,131.18,31.46,97.75,279.42,173.84,1136.67,166.45,153.9,22.73,93.36,28.8,40.79,79.3,239.96,104.76,541.87,244.75,701.68,232.06,2107.11,39.86,100.48,34.13,60.92,416.22,148.31,95.08,16.77,115.49,47.28,94.92,56.15,94.87,22.69,37.84,92.31,180.07,88.88,66.1,131.95,130.55,63.45,22.23,74.41,39.06,50.55,644.08,90.44,1313.98,153.03,86.44,217.0,81.33,354.04,44.69,58.95,35.81,131.82,200.51,182.38,59.8,53.33,79.01,84.75,51.26,52.42,35.71,62.13,42.7,74.24,209.38,342.58,114.08,37.66,39.01,374.29,158.39,91.73,224.19,73.53,69.91,222.84,114.39,111.3,254.83,42.11,54.5,15.71,333.39,47.33,129.75,83.19,28.5,25.18,36.13,208.98,110.86,74.3,384.97,123.24,54.66,124.98,91.39,38.17,67.57,24.84,104.15,117.89,49.5,225.9,62.91,85.03,133.17,81.6,104.46,52.96,179.98,678.4,61.27,250.18,246.65,159.23,55.5,86.02,236.0,41.09,128.84,90.63,112.5,42.8,170.58,277.92,49.63,90.71,295.32,147.77,27.73,30.64,129.77,114.58,267.06,41.68,36.36,118.93,9.45,125.34,69.64,84.52,29.24,28.73,23.98,24.46,21.81,119.45,154.58,154.14,11.39,59.33,44.43,97.95,60.82,94.36,195.66,242.82,411.22,19.51,14.17,47.57,88.76,159.93,30.49,71.15,152.14,54.09,12.13,106.7,27.15,71.83,265.58,212.24,47.07,15.18,25.45,23.19,408.14,12.91,173.44,194.46,449.88,90.27,206.57,337.76,80.96,44.99,50.07,110.17,126.79,49.54,23.7,115.22,364.18,753.51,17.7,207.87,168.5,30.36,157.0,109.7,139.51,118.06,153.1,45.79,121.05,21.9,196.85,62.0,16.05,124.67,135.76,14.93,14.61,256.49,34.22,31.21,41.58,188.3,202.37,493.83,77.4,57.99,41.76,104.11,72.39,158.0,52.59,251.14,70.26,37.21,361.35,43.16,160.13,10.45,88.54,128.14,7.15,42.64,564.67,130.47,115.9,277.18,54.05,336.85,93.12,84.99,208.69,178.68,112.95,83.47,47.64,1150.68,29.94,139.8,71.41,211.8,122.9,134.41,48.08,57.72,87.9,275.32,64.37,22.41,172.9,414.62,126.1,14.44,60.78,493.6,20.75,59.98,18.27,18.28,73.67,19.12,138.79,23.2,240.86,93.22,303.73,19.49,27.26,33.81,56.43,517.23,4034.32,444.02,19.39,202.77,64.36,40.22,59.73,65.49,86.68,136.32,276.32,93.22,421.66,210.8,52.6,13.2,145.69,143.91,48.48,41.85,84.61,68.77,81.33,114.43,143.28,334.9,145.39,28.88,50.05,136.41,93.6,96.43,80.23,56.89,219.64,42.08,93.66,160.38,73.1,156.02,124.17,100.83,92.56,73.54,60.69,47.7,488.64,15.87,94.32,211.77,64.61,251.28,36.3733333333333,419.54,113.8,82.37,327.28,220.57,275.88,23.37,63.53,45.88,128.96,527.99,720.64,90.84,148.29,62.04,182.08,60.77,45.76,178.29,100.4,72.76,188.25,235.93,348.13,32.35,232.77,76.41,131.12,151.57,183.68,29.63,174.07,118.82,9.78,394.7,381.37,114.02,604.48,162.76,48.07,461.38,131.28,66.72,135.58,141.05,595.5,134.91,47.88,47.23,444.7,69.16,39.62,275.66,45.85,17.57,15.39,205.88,48.02,344.41,169.18,246.75,133.91,23.65,58.8,174.64,49.53,204.41,193.45,61.46,224.38,88.13,36.44,17.52,209.58,31.96,39.68,141.75,65.07,76.5,148.27,41.77,154.43,116.58,239.13,92.74,29.05,65.02,261.16,51.1,22.28,44.89,31.71,185.04,22.4,207.57,111.16,65.56,22.86,141.4,98.53,106.57,376.87,147.21,42.72,158.7
2020-12-10 00:00:00+00:00,173.49,106.52,107.49,267.93,246.16,83.11,476.87,91.66,158.22,20.85,45.35,118.81,268.82,103.41,51.29,141.43,171.01,118.87,508.39,110.65,51.86,105.42,1767.65,1775.33,42.95,3101.49,11.53,77.34,17.99,82.48,121.84,39.71,219.41,148.07,192.85,99.37,118.35,228.16,131.41,141.28,334.04,313.75,206.24,56.31,16.5,123.24,87.89,124.15,49.2,276.37,119.51,132.52,30.69,98.17,281.16,172.0,1137.85,162.52,150.8,23.12,93.26,29.11,41.36,79.16,242.33,103.03,554.78,242.98,698.41,234.43,2104.87,38.28,101.9,34.0,60.2,410.04,146.22,92.72,17.65,117.45,47.31,94.67,55.45,94.34,22.32,37.54,95.18,178.85,86.94,66.33,131.71,130.97,61.31,21.8,73.97,39.11,50.1,658.04,93.35,1317.23,153.68,85.33,212.65,80.97,347.35,44.32,60.5,36.0,132.67,200.6,182.48,59.44,53.05,78.38,84.59,50.48,53.06,35.37,63.96,44.0,73.35,207.29,347.8,114.75,37.17,38.74,372.79,157.22,90.0,219.55,72.21,69.97,223.21,115.44,111.91,253.45,42.62,54.09,16.57,347.19,49.94,129.66,84.16,28.79,25.48,36.21,205.87,108.29,74.32,386.05,121.37,54.43,124.22,91.76,38.24,66.57,24.85,102.98,115.15,49.6,223.08,62.88,86.74,134.68,81.36,103.26,54.68,183.39,686.99,59.79,245.41,246.53,165.3,55.1,85.69,235.82,41.2,130.47,89.7,110.02,44.01,171.41,277.12,48.39,91.43,290.9,147.47,27.78,30.22,130.32,114.83,273.39,41.97,36.74,117.66,9.12,127.56,68.93,83.94,29.11,28.685,24.26,24.86,21.63,118.6,156.01,150.37,11.32,58.87,42.87,97.04,60.45,94.88,194.17,244.4,402.32,19.99,14.01,47.4,88.68,161.79,29.54,71.31,149.7,57.3,12.12,107.36,28.44,76.25,264.81,211.97,46.6,14.83,26.13,23.17,397.48,13.03,174.46,191.87,454.27,89.71,202.55,343.71,82.05,44.79,50.26,109.24,124.96,48.64,23.64,112.59,362.5,758.07,17.51,206.92,168.47,30.29,153.84,108.71,137.02,115.87,152.25,45.69,120.27,21.97,194.95,61.98,16.08,124.76,134.06,14.82,14.79,255.98,34.1,31.21,41.02,187.5,207.59,490.15,76.39,57.3,42.55,104.82,72.29,161.0,52.65,250.95,72.33,36.57,355.39,43.66,160.22,10.03,88.21,127.98,7.3,43.83,551.58,131.77,115.37,266.74,54.46,331.52,93.05,84.52,208.04,177.68,112.68,82.99,47.55,1151.82,30.93,139.91,71.28,210.52,120.18,132.98,48.21,57.18,88.03,273.98,64.44,22.25,171.86,422.6,124.99,14.66,61.12,501.09,20.805,59.18,18.35,18.25,73.28,18.96,137.58,22.57,236.5,91.72,298.43,19.52,27.44,33.91,57.11,518.89,3991.18,446.0,21.31,198.7,63.96,41.75,59.48,64.0,85.05,135.56,274.44,91.34,426.99,215.34,51.12,13.2,144.67,145.91,48.76,41.73,84.97,70.86,80.74,118.79,143.99,331.4,143.33,28.12,49.82,135.51,94.2,97.18,79.96,56.6,216.58,42.16,94.64,158.33,73.01,155.75,125.47,103.85,92.65,72.98,59.93,47.61,478.98,15.85,93.49,208.73,64.13,246.77,36.0933333333333,415.0,113.32,80.64,325.83,222.92,275.6,23.38,64.82,45.4,128.73,538.0,719.82,90.44,145.54,61.95,180.78,60.5,46.8,177.64,105.39,71.73,189.76,235.13,353.73,32.98,234.17,77.24,130.56,149.34,187.82,29.62,172.4,118.47,10.03,391.79,383.35,115.68,627.07,162.0,48.03,468.74,131.25,66.52,135.95,139.22,601.01,136.71,47.95,51.21,449.59,69.41,38.33,272.13,46.12,17.6,15.39,202.52,49.64,339.65,164.24,241.98,135.37,23.81,59.87,174.88,48.83,207.75,192.2,60.51,224.04,86.9,35.87,17.69,207.61,31.91,39.71,137.76,64.84,75.4,147.04,41.65,154.69,114.94,241.56,91.98,29.49,64.03,266.67,51.61,21.89,43.91,31.75,182.41,22.0,206.82,112.88,65.18,22.86,143.86,98.21,106.46,375.14,145.99,42.64,158.12
2020-12-11 00:00:00+00:00,174.02,107.02,106.34,258.45,245.83,83.68,475.91,91.65,157.66,21.15,44.84,118.48,267.36,103.53,49.88,138.65,172.58,120.98,507.08,109.58,51.705,104.43,1774.8,1781.77,43.0,3116.42,11.44,77.47,17.05,82.76,120.23,38.79,219.82,148.28,191.74,98.06,118.38,227.4,131.01,141.15,335.185,311.4,204.11,56.36,16.1,122.41,88.3,122.24,49.81,277.34,119.94,132.22,31.01,99.07,279.68,173.53,1155.3,162.36,150.01,22.67,92.58,28.57,40.24,79.34,242.69,100.6,567.26,241.43,695.2,230.33,2089.21,36.52,99.98,33.6,60.72,405.82,147.63,93.17,17.0,118.52,47.21,92.17,54.28,93.93,21.32,37.16,95.23,179.29,85.97,66.15,130.7,131.0,60.71,21.75,74.51,39.37,49.43,651.76,92.45,1300.0,153.74,85.85,209.35,80.17,349.11,44.32,58.93,35.37,130.65,201.73,180.27,59.38,53.35,78.51,84.68,50.93,52.69,35.35,63.27,43.48,73.16,205.29,339.16,116.98,35.64,38.39,375.1,157.68,90.43,218.66,71.58,69.91,223.75,112.72,108.32,255.77,41.74,52.96,16.16,347.71,50.11,130.27,83.46,28.93,25.48,36.01,206.61,106.55,74.91,383.37,121.37,54.0,125.07,91.54,38.34,66.4,23.93,102.5,115.6,49.13,221.25,62.8,84.18,135.8,82.42,102.78,53.6,188.14,688.86,58.94,243.94,245.75,170.02,55.13,85.79,231.62,41.19,123.02,90.49,110.4,43.8,172.39,273.55,49.21,90.15,289.47,147.82,27.34,30.38,129.63,114.82,273.68,41.85,37.09,116.43,9.02,128.36,68.55,83.23,29.32,28.72,24.33,24.61,20.85,118.94,154.77,151.33,11.16,59.32,41.92,97.06,60.76,93.7,192.06,239.99,403.53,19.83,13.96,46.24,89.0,157.57,29.33,69.95,149.11,56.63,11.99,104.74,27.48,74.32,264.55,214.63,47.2,14.51,26.43,23.11,391.13,12.93,177.7,192.93,456.23,89.33,203.56,342.01,81.3,44.32,49.73,108.82,124.27,48.63,23.92,111.04,364.32,760.0,17.86,209.03,167.81,30.38,155.82,108.65,138.89,115.17,152.95,45.55,119.56,21.92,196.57,62.11,15.84,126.3,136.0,14.75,14.75,257.63,34.07,31.34,39.54,189.18,204.16,491.7,77.28,56.75,41.17,105.42,72.76,160.04,51.33,249.4,70.93,36.66,361.71,43.66,157.82,10.19,88.5,125.84,7.06,42.91,547.67,128.51,115.44,267.2,54.35,327.42,93.42,84.21,207.76,174.66,112.38,82.96,47.19,1144.87,30.18,140.61,70.53,213.26,121.66,134.75,47.3,57.4,88.02,274.64,63.32,22.23,168.4,419.47,125.67,14.32,61.82,503.22,20.51,58.87,17.96,17.86,73.8,19.1,137.41,22.89,235.25,90.1,300.57,19.59,26.51,33.18,56.64,520.53,4003.66,447.94,20.89,200.79,64.59,41.57,60.61,63.73,84.76,135.58,274.68,91.82,423.89,214.06,51.46,13.02,144.97,146.07,47.81,41.12,85.0,69.51,79.72,115.57,143.66,337.79,142.93,28.08,48.77,136.51,94.39,97.37,78.58,56.48,220.06,42.35,94.33,152.64,72.07,144.28,122.06,101.34,92.34,72.89,60.46,47.08,479.77,15.54,94.98,204.53,64.2,246.72,36.67,420.45,112.82,76.46,324.82,222.42,275.62,22.94,64.76,44.77,128.0,537.36,718.61,87.9,139.24,61.05,180.78,60.42,45.88,175.2,103.0,72.8,186.22,232.2,349.9,32.27,236.39,75.88,131.23,151.49,190.21,29.33,171.71,118.08,9.67,387.51,383.42,115.37,609.99,160.61,47.63,471.39,131.22,66.06,138.66,139.94,601.79,134.95,47.01,51.44,450.8,69.29,38.14,265.39,45.84,17.17,15.1,203.06,48.36,337.07,168.4,240.76,132.35,23.27,59.03,174.58,49.05,209.99,193.99,60.35,224.17,86.66,35.6,17.34,206.24,31.18,38.8,138.88,64.79,74.85,147.0,41.53,175.72,115.41,240.33,92.24,29.08,64.25,263.98,51.09,22.13,43.53,32.0,183.93,21.93,204.4,110.98,65.0,22.76,143.83,98.48,105.99,377.56,141.68,41.68,159.53
2020-12-14 00:00:00+00:00,173.08,106.79,104.2,267.62,243.75,85.94,486.42,94.78,157.56,21.3,44.2,116.74,265.4,103.27,48.93,134.57,172.83,156.31,504.31,109.69,51.34,104.87,1752.26,1760.06,42.9,3156.97,11.27,77.24,16.7,82.21,117.36,38.16,216.72,148.55,190.99,97.12,116.3,229.46,130.3,142.33,343.39,310.1,203.96,55.41,15.31,121.78,88.5,121.65,48.69,274.48,120.5,131.65,30.55,99.51,288.33,173.15,1151.13,159.67,148.77,21.68,90.3,28.22,39.83,78.83,240.0,101.28,579.65,245.25,683.92,228.62,2066.01,36.34,98.5,33.45,59.97,411.8,146.1,91.78,17.25,121.31,46.71,90.42,53.55,92.54,20.93,36.62,97.93,178.05,88.25,65.13,131.73,128.99,59.73,21.64,74.25,38.82,49.84,649.67,89.44,1309.52,150.86,86.06,203.15,79.61,347.26,44.24,58.74,34.62,128.43,202.38,177.55,59.22,53.27,79.19,84.19,50.99,51.82,35.63,61.59,42.32,72.41,207.0,342.85,118.29,36.81,38.76,374.38,155.19,88.92,216.41,69.72,70.4,221.1,112.51,109.19,252.72,40.69,52.23,15.37,353.59,46.95,128.09,82.63,28.65,25.21,35.03,205.9,107.68,74.47,383.23,120.13,53.06,123.52,91.13,38.71,65.76,23.24,100.19,113.84,49.57,217.0,62.26,83.57,137.54,80.41,101.41,52.08,189.12,690.03,57.9,240.26,247.45,169.97,54.41,85.46,229.7,41.06,123.33,90.18,109.88,42.22,171.2,274.19,49.22,88.87,285.54,144.22,26.62,30.35,129.26,113.63,271.16,42.12,36.77,114.52,8.91,130.69,68.26,83.07,28.78,28.34,23.73,23.8,20.34,117.21,154.59,153.34,10.83,59.35,41.62,95.82,59.84,91.77,191.88,237.79,400.46,18.96,13.76,45.54,90.11,160.86,28.88,68.07,149.14,53.9,11.87,103.04,25.9,74.17,265.58,211.85,47.2,14.03,26.81,23.21,388.23,12.51,174.98,192.67,458.17,88.97,199.67,347.11,86.81,43.86,50.47,107.71,123.53,48.01,23.7,109.25,365.51,764.79,17.1,209.11,167.3,29.27,157.38,105.26,133.78,113.25,149.07,45.1,118.3,22.08,192.02,61.92,15.43,123.72,136.0,14.43,14.31,260.13,34.42,31.3,38.2,189.95,204.11,491.87,76.54,56.53,40.29,104.13,74.68,157.91,50.05,247.6,70.35,36.61,357.66,42.87,160.09,10.42,87.1,124.76,6.72,40.76,551.15,126.62,114.92,259.7,55.06,331.15,93.28,85.31,211.92,172.33,111.97,80.32,45.84,1139.26,29.51,141.5,71.54,214.2,121.44,131.53,45.92,57.29,88.42,274.62,61.88,22.68,165.92,423.9,124.04,13.71,61.67,522.42,20.32,57.56,17.75,17.63,73.55,19.29,136.28,22.65,229.25,88.58,298.0,19.87,25.41,32.63,55.66,532.35,4022.0,447.55,19.17,195.35,63.58,40.14,60.76,62.78,83.76,131.68,270.09,91.33,425.98,220.79,51.36,13.01,144.23,145.32,46.63,39.21,84.4,67.19,79.14,113.11,141.79,346.58,141.76,27.6,47.82,135.85,94.1,96.87,76.61,56.43,223.74,42.12,93.6,154.51,68.51,146.29,123.16,98.9,91.46,70.8,60.62,46.88,500.38,15.15,94.9,206.38,63.08,242.99,38.46,422.89,110.55,74.06,323.68,221.27,274.17,22.18,64.64,43.7,128.04,532.48,718.85,87.32,139.26,58.35,175.18,59.66,45.26,170.4,103.32,70.7,186.33,230.95,349.49,31.91,238.86,73.43,129.36,147.86,195.2,29.03,170.99,117.17,9.51,380.9,380.67,117.18,639.83,160.12,46.74,467.13,131.11,65.34,140.53,137.71,595.82,133.99,45.91,52.02,446.49,69.78,37.59,265.79,44.81,17.14,14.97,198.0,46.72,336.13,166.62,238.89,134.56,22.46,56.39,174.13,47.84,212.11,194.77,59.98,228.13,85.75,34.67,17.33,207.25,32.25,38.08,135.44,64.11,73.26,145.65,41.48,169.3,114.78,240.75,91.58,28.64,63.24,264.92,51.14,22.07,43.02,32.36,184.03,21.51,205.76,107.54,65.04,22.74,149.03,97.14,105.5,383.46,142.59,40.71,159.5
2020-12-15 00:00:00+00:00,174.68,107.45,102.82,275.36,247.05,86.92,482.64,97.12,159.84,22.28,44.87,117.39,270.01,103.87,50.33,137.94,176.18,157.91,516.3,111.7,52.38,105.92,1761.08,1767.77,42.18,3165.12,11.54,78.73,17.01,84.29,119.1,38.54,217.25,152.99,190.77,99.03,117.79,230.53,131.55,144.06,343.03,313.22,208.03,56.42,15.89,127.88,88.47,122.61,49.57,279.59,123.63,132.39,30.58,101.68,287.53,175.75,1179.37,161.97,150.98,22.01,92.04,28.64,40.19,79.62,244.13,102.99,587.91,248.73,698.18,229.5,2098.05,37.7,101.0,34.67,62.57,418.06,147.41,90.25,17.32,122.82,46.82,92.68,54.92,96.13,21.53,37.67,100.01,181.74,90.78,66.13,132.83,131.01,60.38,22.24,75.36,38.35,51.05,646.28,89.37,1346.46,154.39,86.16,205.51,80.93,352.93,44.72,59.67,35.29,127.45,203.04,181.39,60.0,53.84,80.53,84.75,51.51,52.95,35.67,62.29,42.8,73.0,212.25,342.45,121.36,37.02,39.22,371.88,155.41,90.22,224.04,69.89,70.95,223.17,114.43,112.39,261.99,41.85,53.82,15.79,354.21,48.16,128.8,85.36,28.72,25.36,35.68,207.78,110.04,75.48,384.68,121.84,54.13,124.8,92.11,39.58,68.03,23.43,101.48,116.54,52.08,222.95,63.76,85.15,140.66,82.44,102.58,53.16,193.58,695.64,59.32,242.47,250.4,177.8,54.66,86.63,233.27,42.72,126.0,90.13,111.65,43.04,174.55,275.55,49.83,93.31,285.74,145.09,27.09,31.4,134.16,114.68,275.94,42.84,37.72,114.99,9.15,131.82,69.4,85.43,28.58,28.21,24.62,24.3,20.69,119.19,157.81,154.6,11.11,59.03,41.66,96.59,59.43,93.71,193.57,242.43,405.6,20.07,14.14,45.75,92.25,160.95,29.95,68.94,150.23,56.4,12.17,104.97,26.43,75.5,267.98,214.17,47.33,14.51,26.94,23.71,392.33,12.59,176.07,196.4,464.96,89.0,203.7,352.62,86.27,44.76,50.665,110.98,125.93,49.15,24.19,110.93,360.43,768.49,17.59,213.91,172.42,29.37,158.6,105.91,136.1,113.46,150.57,46.04,120.32,22.29,192.62,61.24,15.69,123.37,135.82,15.26,14.77,261.01,34.33,31.19,39.32,188.32,205.77,495.33,76.87,57.87,41.39,104.84,73.87,167.43,50.36,251.66,73.17,37.25,357.57,44.33,163.33,10.5,89.01,126.66,6.91,42.25,553.79,130.36,116.65,266.56,54.75,333.65,91.77,86.29,214.86,173.08,114.89,80.48,46.24,1149.16,30.76,141.16,73.15,214.13,123.54,134.14,46.03,57.45,88.58,277.39,63.95,23.11,168.03,424.0,127.29,14.11,62.65,519.78,20.0,59.04,18.09,18.025,74.91,19.64,139.39,23.2,229.8,90.73,298.51,19.96,25.22,33.57,56.57,534.42,4025.0,449.08,19.84,198.28,64.34,41.31,61.86,64.73,86.59,134.19,275.79,93.53,425.3,221.6,52.45,13.15,144.77,145.2,48.37,38.71,84.29,68.25,80.03,117.44,143.15,348.79,144.12,27.93,48.34,136.65,96.69,99.55,77.81,57.81,225.16,42.42,95.53,158.48,69.24,148.36,124.5,100.53,93.49,71.04,61.75,47.88,491.79,15.38,96.2,208.65,63.34,247.22,38.93,425.96,113.09,74.05,323.84,220.15,276.29,22.97,65.98,44.61,130.95,527.38,722.34,89.74,144.68,60.85,174.94,60.86,46.42,176.33,104.18,71.79,188.24,234.06,357.2,32.73,242.74,74.31,130.0,149.86,194.7,29.72,171.41,117.91,9.96,387.38,392.68,120.44,633.25,162.38,48.06,470.98,131.2,66.74,141.13,140.38,613.74,137.26,46.72,52.82,452.34,68.25,38.39,267.55,45.19,17.67,15.45,200.3,47.46,339.67,167.17,238.98,135.67,22.74,57.48,174.83,49.95,213.51,196.14,60.55,228.81,87.25,35.14,17.73,208.36,32.78,38.78,137.44,65.77,74.69,145.58,41.33,173.94,116.78,244.27,92.92,29.73,65.87,267.18,53.58,22.49,44.44,33.56,188.63,22.33,210.01,114.1,66.02,23.76,152.11,99.77,107.38,383.45,147.81,41.61,161.96
2020-12-16 00:00:00+00:00,175.41,107.34,104.64,274.14,247.45,88.22,489.9,96.85,161.32,21.9,44.68,117.24,268.9,104.52,49.75,135.78,177.63,158.03,516.34,111.2,51.64,106.42,1757.19,1763.0,43.1,3240.96,11.4,78.0,16.86,82.83,119.0,38.32,219.62,150.37,189.74,98.37,116.78,228.44,130.86,142.8,343.62,310.24,209.21,55.08,15.8,127.81,88.55,122.84,49.2,285.7,126.45,134.21,30.29,99.35,292.17,175.59,1190.5,161.51,150.65,21.5,90.43,28.72,40.45,80.0,245.29,103.5,576.72,248.19,698.37,225.87,2098.71,38.41,100.7,35.13,62.34,424.9,146.81,91.44,17.02,125.4,47.11,93.59,54.24,99.08,21.76,38.0,100.13,179.5,90.43,65.83,132.26,130.02,61.03,21.87,77.4,37.78,51.68,642.43,88.69,1400.62,154.16,86.67,202.4,82.04,354.11,44.72,59.75,35.38,129.28,203.44,181.72,59.25,53.06,79.32,85.04,51.43,53.01,35.58,61.6,42.32,71.75,214.81,343.94,120.92,36.24,39.08,369.44,154.12,89.1,222.82,69.32,71.18,221.9,116.49,113.04,261.12,41.08,53.16,15.91,352.35,47.65,129.58,86.35,28.79,25.32,31.51,211.02,112.85,75.17,382.52,120.87,53.83,123.55,90.61,39.85,68.38,23.06,101.7,115.37,53.65,220.01,62.7,85.09,141.6,81.28,100.5,52.7,193.25,690.19,59.05,240.53,258.68,182.34,53.67,85.45,233.37,42.44,124.98,91.4,111.07,43.7,173.26,275.67,49.47,90.72,288.81,143.6,27.25,30.91,135.28,114.17,279.73,41.78,37.31,114.37,9.04,133.33,68.92,86.26,28.45,28.11,24.75,24.39,20.33,118.33,157.31,153.4,10.93,58.92,41.42,96.5,58.94,93.53,194.67,243.77,406.38,20.14,13.97,46.29,94.76,161.56,30.38,69.15,150.28,56.62,12.16,104.41,25.56,73.63,269.59,210.31,47.22,14.415,26.83,23.98,392.76,12.52,174.62,195.39,467.58,87.76,203.85,353.32,86.23,44.32,51.12,111.31,125.55,49.31,24.1,112.12,369.26,766.06,17.45,213.78,174.69,29.05,159.17,106.23,137.68,113.83,149.67,45.77,120.67,22.17,192.49,61.5,15.76,123.91,136.01,14.98,14.6,260.55,34.43,30.97,38.7,186.13,201.97,493.31,76.09,57.64,40.73,105.09,74.29,172.05,50.24,250.13,72.98,37.12,354.57,44.36,163.2,10.35,89.08,126.99,6.97,41.65,560.5,130.44,117.12,262.23,54.51,332.1,92.71,85.4,213.8,172.35,114.97,79.83,46.32,1111.26,30.98,138.82,72.99,219.28,123.41,132.61,46.27,57.2,89.8,280.55,64.23,22.62,166.92,429.84,127.1,13.94,64.07,524.83,20.07,60.24,17.77,17.64,74.44,19.49,138.34,22.8,228.7,90.79,302.01,20.38,25.46,33.38,56.44,529.7,4061.54,454.98,19.45,195.0,64.74,40.65,62.78,65.24,86.19,135.61,272.81,94.47,423.29,230.2,51.89,13.03,144.89,140.8,47.41,37.84,85.63,67.29,78.65,116.89,145.25,352.94,142.89,27.32,48.22,137.27,96.36,99.85,78.0,57.15,225.96,42.5,94.36,159.0,68.4,149.74,120.98,99.5,93.36,70.57,61.35,47.34,486.57,15.6,95.4,210.51,62.6,245.73,39.2,420.85,113.43,73.65,320.87,223.62,275.76,22.84,66.31,44.39,129.12,545.0,722.49,88.28,147.54,59.93,171.92,60.43,45.73,179.44,103.27,71.2,181.76,235.13,358.34,32.96,248.1,73.88,129.81,150.43,195.12,29.67,171.69,115.68,9.84,379.81,397.33,119.77,622.77,162.12,46.74,457.79,131.23,66.62,144.23,138.57,603.53,137.44,47.23,54.03,461.86,65.24,37.99,269.92,45.35,17.46,15.29,198.85,46.0,339.34,170.13,232.49,137.63,22.27,56.92,174.48,50.74,215.48,195.88,59.91,232.11,86.37,35.89,17.86,208.27,32.69,38.21,137.69,66.04,73.65,145.43,40.44,173.12,116.08,242.45,92.27,29.65,66.49,267.62,53.02,22.67,44.25,33.9,187.09,21.75,211.98,115.23,65.59,23.03,151.75,99.02,107.42,377.41,148.85,41.87,160.62
2020-12-17 00:00:00+00:00,176.65,108.78,104.89,281.99,264.47,88.46,495.36,96.84,160.34,22.09,44.81,118.97,268.6,105.61,50.17,137.48,177.7,157.93,526.72,112.82,51.73,106.56,1740.51,1747.9,43.0,3236.08,11.56,78.74,16.8,83.86,118.98,38.23,222.71,151.86,190.05,98.74,117.63,231.24,132.17,143.78,346.63,314.08,211.3,55.26,15.75,128.7,87.5,124.89,49.38,285.37,128.19,132.37,29.62,99.09,297.35,177.34,1180.89,163.23,152.23,21.5,91.98,28.83,40.41,81.04,248.7,102.34,584.24,250.24,706.01,221.24,2113.43,39.0,100.42,35.39,62.54,426.1,150.83,92.29,17.23,127.3,47.78,94.08,54.22,99.79,21.63,38.7,103.62,179.17,89.54,64.41,135.24,130.96,62.09,21.88,78.16,37.54,51.78,653.98,88.41,1409.68,153.41,87.21,202.63,84.29,352.0,44.82,60.05,34.78,130.74,202.34,184.94,59.51,53.27,81.73,85.66,51.36,52.77,36.17,61.07,41.97,71.62,217.8,351.52,121.68,36.59,39.68,370.29,155.75,90.55,223.43,69.59,73.47,224.49,118.62,115.73,264.53,41.11,53.27,16.1,357.91,47.385,133.93,87.48,28.74,25.31,31.41,212.55,113.05,75.93,395.16,123.76,53.83,123.55,91.52,40.45,69.49,23.39,102.5,115.29,53.05,220.61,62.9,86.52,139.85,81.16,100.56,52.15,193.75,712.74,59.64,241.85,263.83,188.1,54.04,85.78,235.16,42.65,124.48,94.03,114.17,43.48,174.5,274.48,49.57,90.73,292.26,145.97,27.13,30.5,138.1,114.7,282.01,41.75,37.61,115.62,9.08,136.42,69.33,88.89,28.54,28.16,25.16,24.72,20.75,118.63,157.05,151.59,10.88,59.7,42.03,96.95,59.07,93.43,195.42,244.43,410.04,20.08,14.17,46.78,93.21,164.75,30.49,68.89,151.61,56.67,12.18,104.7,25.64,75.1,273.97,211.94,47.77,14.29,26.96,24.22,396.34,12.34,170.47,197.88,477.8,87.68,206.11,361.3,88.28,45.44,50.65,112.79,125.55,49.75,23.8,113.58,380.32,779.78,17.48,217.02,178.95,29.59,162.76,107.0,138.71,115.32,153.62,46.45,119.67,22.23,196.62,62.48,15.58,126.86,136.32,15.08,14.3,259.68,34.62,31.0,39.19,185.71,202.69,486.24,78.64,57.34,41.81,104.83,79.95,172.63,49.46,256.63,73.98,37.12,352.6,44.41,163.54,10.25,90.1,125.83,6.91,40.58,577.35,130.29,118.69,265.73,55.28,336.9,94.6,85.84,214.25,172.91,115.34,79.82,46.49,1130.33,31.12,139.72,72.26,219.42,125.59,135.25,45.97,57.93,90.14,280.06,64.67,23.1,169.65,436.78,128.5,13.93,64.12,532.9,20.09,61.64,17.71,17.59,75.06,19.61,140.5,22.81,230.69,92.1,300.68,20.56,25.41,33.54,55.45,533.65,4219.8,451.83,19.18,196.06,63.31,40.73,63.61,65.79,85.07,135.65,273.3,95.65,441.8,235.51,52.77,12.89,145.71,143.42,46.97,38.03,85.67,67.17,79.32,114.38,145.02,356.15,144.29,27.35,48.4,138.25,96.31,100.58,77.66,57.19,232.56,44.78,96.4,159.6,68.82,149.53,120.72,100.99,94.77,70.64,61.03,47.49,496.21,15.56,96.89,213.73,62.35,247.19,40.21,425.04,116.69,73.94,321.06,225.92,282.04,22.93,66.21,44.79,131.74,554.07,726.25,89.03,145.53,60.17,171.16,61.07,46.39,182.09,103.21,70.74,182.64,238.1,364.86,33.3,250.29,74.44,130.01,151.3,197.4,29.83,171.24,116.16,9.69,380.93,402.9,119.35,655.9,162.69,46.99,464.94,131.22,67.51,145.51,140.97,598.35,138.03,47.1,54.63,455.28,65.0,38.39,272.78,45.28,17.42,15.23,202.2,45.88,341.67,174.49,229.16,139.73,22.13,56.34,174.41,51.49,217.93,201.24,60.01,236.92,86.55,36.2,17.72,211.18,33.5,38.38,139.54,66.74,73.53,146.1,40.88,173.55,117.51,250.74,92.22,29.47,65.95,273.58,53.46,23.08,44.98,34.46,190.75,21.8,212.23,114.81,67.01,23.13,151.86,99.75,108.79,375.43,151.36,41.87,162.7
2020-12-18 00:00:00+00:00,176.42,108.97,104.45,293.39,266.25,90.37,502.95,95.92,159.99,22.54,43.89,119.3,269.55,107.08,50.35,138.9,175.26,156.75,529.92,113.75,51.05,107.4,1726.22,1731.01,43.78,3201.65,11.66,78.86,16.51,83.29,117.51,37.48,221.52,150.24,186.94,98.61,118.1,228.49,130.65,144.56,357.81,308.64,205.49,55.64,15.33,126.655,86.09,124.3,49.68,287.72,125.32,131.29,29.4,95.11,305.0,179.24,1181.9,158.44,152.96,21.17,92.19,28.67,40.79,80.86,252.09,101.95,605.87,249.62,698.8,219.75,2099.65,38.62,96.11,35.45,63.12,434.56,153.88,92.6,16.97,132.02,47.57,91.57,54.96,98.25,21.46,38.79,105.0,180.96,90.78,63.29,134.37,131.76,61.15,21.87,77.6,37.64,51.98,652.0,87.19,1418.57,152.36,88.15,197.08,83.04,354.35,45.44,59.06,34.21,132.65,203.17,183.98,59.23,53.74,81.02,85.93,50.9,52.63,36.12,59.56,40.98,71.15,218.68,349.63,122.36,36.24,39.41,367.0,153.81,90.66,224.31,69.55,73.23,226.11,116.16,115.36,270.7,40.68,52.6,15.63,358.57,45.84,134.02,85.99,27.8,24.52,30.49,210.48,111.88,75.37,396.71,123.86,55.66,121.7,90.32,39.24,71.33,23.1,103.68,116.08,53.06,218.58,62.54,86.82,142.61,80.9,100.02,51.77,195.17,709.73,57.65,234.37,261.31,190.76,53.35,84.71,232.53,42.57,125.54,95.4,112.49,42.73,175.23,276.4,49.34,88.31,275.57,145.22,26.63,30.34,135.78,114.81,279.47,42.02,37.28,115.65,8.95,145.85,69.83,89.63,28.16,27.79,25.01,24.63,20.21,119.49,157.94,152.67,10.81,59.4,41.01,97.53,59.08,92.81,196.33,242.13,410.46,19.68,14.43,47.65,93.81,164.34,29.83,67.78,150.88,55.95,12.12,104.61,25.17,74.77,270.45,210.04,47.94,14.09,27.27,24.46,391.62,12.39,169.62,198.55,485.52,87.98,203.88,366.06,88.34,45.22,47.46,112.83,125.85,49.98,23.94,114.29,380.11,789.09,17.45,216.82,180.39,29.48,161.63,106.58,140.46,115.88,154.51,46.24,119.08,22.68,197.62,62.08,15.42,128.26,135.08,14.62,14.21,262.15,34.77,30.87,38.63,187.21,205.11,480.97,78.66,57.43,41.75,105.67,80.84,171.4,48.61,257.67,73.43,36.15,356.03,43.8,163.2,10.16,90.93,123.73,6.73,40.35,578.88,128.82,116.27,276.35,55.59,340.33,93.37,86.45,215.08,173.55,116.71,79.53,45.65,1134.83,31.67,138.01,71.46,218.59,124.04,138.43,45.51,58.32,90.13,283.37,64.18,23.39,170.26,443.06,128.6,13.7,64.82,534.45,20.6,60.5,17.35,17.29,74.51,20.09,137.28,22.4,232.39,91.9,303.13,21.24,25.18,33.79,53.93,530.88,4226.87,451.15,18.52,199.54,61.62,39.87,65.06,65.61,86.01,134.86,272.0,96.92,439.84,236.45,52.26,12.76,146.93,142.7,46.09,37.68,86.09,66.85,78.65,114.36,144.91,364.37,145.43,26.95,47.95,139.04,96.95,98.07,76.51,56.82,228.93,45.1,95.26,162.66,68.29,147.42,120.36,101.21,93.86,70.17,59.52,45.93,498.89,15.26,96.78,218.45,63.05,247.95,40.6,426.19,117.66,72.29,322.5,227.43,276.93,22.31,64.72,45.41,130.7,565.43,728.23,85.43,148.19,58.11,169.86,60.14,46.03,181.52,103.28,70.66,184.9,240.0,357.8,32.35,255.0,72.28,131.92,150.44,203.39,28.86,170.42,117.49,9.48,380.47,408.9,120.59,695.0,164.07,47.37,466.68,131.1,67.7,147.08,141.06,608.33,138.86,45.9,55.87,448.81,64.95,37.01,268.43,44.86,17.37,15.1,203.6,44.74,338.38,175.18,227.54,137.29,21.63,54.77,174.8,50.83,217.82,204.47,60.46,236.72,84.88,35.26,17.75,211.31,33.91,36.71,145.22,66.28,73.44,145.95,40.69,172.89,117.41,250.38,91.32,29.01,64.02,277.66,53.19,22.77,44.62,33.74,188.37,21.18,204.89,115.93,66.1,22.86,149.19,100.05,109.78,373.0,151.85,41.08,163.63
